-- phpMyAdmin SQL Dump
-- version 5.2.1
-- https://www.phpmyadmin.net/
--
-- Host: 127.0.0.1
-- Generation Time: Jul 26, 2025 at 11:36 AM
-- Server version: 10.4.32-MariaDB
-- PHP Version: 8.2.12

SET SQL_MODE = "NO_AUTO_VALUE_ON_ZERO";
START TRANSACTION;
SET time_zone = "+00:00";


/*!40101 SET @OLD_CHARACTER_SET_CLIENT=@@CHARACTER_SET_CLIENT */;
/*!40101 SET @OLD_CHARACTER_SET_RESULTS=@@CHARACTER_SET_RESULTS */;
/*!40101 SET @OLD_COLLATION_CONNECTION=@@COLLATION_CONNECTION */;
/*!40101 SET NAMES utf8mb4 */;

--
-- Database: `itsm`
--

-- --------------------------------------------------------

--
-- Table structure for table `branches`
--

CREATE TABLE `branches` (
  `id` int(11) NOT NULL,
  `name` varchar(100) NOT NULL,
  `phone` varchar(100) DEFAULT NULL,
  `email` varchar(100) DEFAULT NULL,
  `location` varchar(255) DEFAULT NULL,
  `created_at` timestamp NOT NULL DEFAULT current_timestamp(),
  `is_active` tinyint(1) NOT NULL DEFAULT 1
) ENGINE=InnoDB DEFAULT CHARSET=utf8mb4 COLLATE=utf8mb4_general_ci;

--
-- Dumping data for table `branches`
--

INSERT INTO `branches` (`id`, `name`, `phone`, `email`, `location`, `created_at`, `is_active`) VALUES
(1, 'Head Office', '+251114703407', 'ho@lucyinsuranceet.com', 'In front of Capital Hotel, 22, Addis Ababa.', '2025-06-05 09:59:13', 1),
(2, 'Kazanchis Branch', '+251116611701', 'kazanchis@lucyinsuranceet.com', 'Kazanchis', '2025-06-05 10:09:01', 1),
(3, 'Piassa Branch', '+251111267551', 'piassa@lucyinsuranceet.com', 'Piassa', '2025-06-05 10:09:34', 1),
(4, 'Stadium Branch', '+251115581724', 'stadium@lucyinsuranceet.com', 'Stadium', '2025-06-05 10:09:50', 1),
(5, 'Bole Medhanialem Branch', '+251116393847', 'bolem@lucyinsuranceet.com', 'Bole Medhanialem', '2025-06-05 10:10:16', 1),
(6, 'Lideta Branch', '+251115578800', 'lideta@lucyinsuranceet.com', 'Lideta', '2025-06-05 10:10:33', 1),
(7, 'Debre Birhan Branch', '+251116375657', 'debrebirhan@lucyinsuranceet.com', 'Debre Birhan', '2025-06-05 10:11:00', 1),
(8, 'Addey Abeba Branch', '+251116902333', 'adeyabeba@lucyinsuranceet.com', 'Addey Abeba', '2025-06-05 10:11:31', 1),
(9, 'Betel Branch', '+251113697052', 'betel@lucyinsuranceet.com', 'Betel', '2025-06-05 10:11:48', 1),
(10, 'Addisu Gebeya Branch', '+251111547206', 'adg@lucyinsuranceet.com', 'Addisu Gebeya', '2025-06-05 10:12:27', 1),
(11, 'BahirDar Branch', '+251583205173', 'bahirdar@lucyinsuranceet.com', 'BahirDar', '2025-06-05 10:12:51', 1),
(12, 'Diredawa Branch', '+251254114116', 'diredawa@lucyinsuranceet.com', 'Diredawa', '2025-06-05 10:13:14', 1),
(13, 'Adama Branch', '+251221111853', 'adama@lucyinsuranceet.com', 'Adama', '2025-06-05 10:13:28', 1),
(14, 'Lemikura Branch', '+251116390645', 'lemikura@lucyinsuranceet.com', 'Lemikura', '2025-06-05 10:13:45', 1),
(15, 'Arat Kilo Branch', '+251111265510', '4kilo@lucyinsuranceet.com', 'Arat Kilo', '2025-06-05 10:14:06', 1),
(16, 'Yoseph Branch', '+251114709055', 'yoseph@lucyinsuranceet.com', 'Yoseph', '2025-06-05 10:14:24', 1),
(17, 'Figa Branch', '+251116660888', 'figa@lucyinsuranceet.com', 'Figa', '2025-06-05 10:14:39', 1),
(18, 'Ayertena Branch', '+251113693865', 'ayertena@lucyinsuranceet.com', 'Ayertena', '2025-06-05 10:14:54', 1),
(19, 'Goro Branch', '+251116689411', 'goro@lucyinsuranceet.com', 'Goro', '2025-06-05 10:15:01', 1),
(20, 'Gulele Branch', '+251112737778', 'gulele@lucyinsuranceet.com', 'Gulele', '2025-06-05 10:15:17', 1),
(21, 'Lamberet Branch', '+251116733144', 'lamberet@lucyinsuranceet.com', 'Lamberet', '2025-06-05 10:15:38', 1),
(22, 'Yerer Branch', '+251116676150', 'yerer@lucyinsuranceet.com', 'Yerer', '2025-06-05 10:15:51', 1),
(23, 'Habte Giorgis Branch', '+251111706561', 'hg@lucyinsuranceet.com', 'Habte Giorgis', '2025-06-05 10:16:07', 1),
(24, 'CMC Branch', '+251118134221', 'cmc@lucyinsuranceet.com', 'CMC', '2025-06-05 10:16:17', 1),
(25, 'Lebu Branch', '+251114625703', 'lebu@lucyinsuranceet.com', 'Lebu', '2025-06-05 10:16:24', 1),
(26, 'Kality Branch', '+251114717515', 'kality@lucyinsuranceet.com', 'Kality', '2025-06-05 10:16:33', 1),
(27, 'Kera Branch', '+251114702228', 'kera@lucyinsuranceet.com', 'Kera', '2025-06-05 10:16:42', 1),
(28, 'Megenagna Branch', '+251116674393', 'megenagna@lucyinsuranceet.com', 'Megenagna', '2025-06-05 10:17:06', 1),
(29, 'Merkato Branch', '+251112755747', 'merkato@lucyinsuranceet.com', 'Merkato', '2025-06-05 10:17:17', 1),
(30, 'Bole Branch', '+251115573475', 'bole@lucyinsuranceet.com', 'Bole', '2025-06-05 10:18:08', 1),
(31, 'Wolaita Branch', '+251461808888', 'wolaita@lucyinsuranceet.com', 'Wolaita', '2025-06-05 10:18:27', 1),
(32, 'Bulbula Branch', '+251114704213', 'bulbula@lucyinsuranceet.com', 'Bulbula', '2025-06-05 10:18:44', 1),
(33, 'Beklobet Branch', '+251114703977', 'beklobet@lucyinsuranceet.com', 'Beklobet', '2025-06-05 10:18:58', 1),
(34, 'Hawassa Branch', '+251462123571', 'hawassa@lucyinsuranceet.com', 'Hawassa', '2025-06-05 10:19:09', 1),
(35, 'Mekelle Branch', '+251342416117', 'mekelle@lucyinsuranceet.com', 'Mekelle', '2025-06-05 10:19:24', 1),
(36, 'Jimma Branch', '+251472111156', 'jimma@lucyinsuranceet.com', 'Jimma', '2025-06-05 10:19:37', 1),
(37, 'Meskel Flower Branch', '+251114704213', 'meskelflower@lucyinsuranceet.com', 'Meskel Flower', '2025-06-05 10:19:54', 1),
(38, 'Alemgena Branch', '+251114704213', 'alemgena@lucyinsuranceet.com', 'Alemgena', '2025-06-05 10:20:05', 1),
(39, 'Sebategna Branch', '+251114704213', 'sebategna@lucyinsuranceet.com', 'Sebategna', '2025-06-05 10:20:21', 1),
(40, 'Bulgaria Branch', '+251114704213', 'bulgaria@lucyinsuranceet.com', 'Bulgaria', '2025-06-05 10:20:45', 1),
(41, 'Mizan Teferi Branch', '+251114704213', 'mizan@lucyinsuranceet.com', 'Mizan Teferi', '2025-06-05 10:22:33', 1),
(42, 'Main Branch', '+251114703407', 'ho@lucyinsuranceet.com', 'In front of Capital Hotel, 22, Addis Ababa.', '2025-06-05 10:23:45', 1),
(43, 'CEO', '+251114704213', 'CEO@lucyinsuranceet.com', '6th Floor', '2025-06-05 10:24:20', 1),
(44, 'Legal', '+251114704213', 'legal@lucyinsuranceet.com', '5th', '2025-06-05 10:24:45', 1),
(45, 'Finance', '+251114704213', 'finance@lucyinsuranceet.com', '5th', '2025-06-05 10:24:54', 1),
(46, 'Marketing', '+251114704213', 'marketing@lucyinsuranceet.com', '5th', '2025-06-05 10:25:06', 1),
(47, 'Risk', '+251114704213', 'risk@lucyinsuranceet.com', '5th', '2025-06-05 10:25:12', 1),
(48, 'Reinsurance', '+251114704213', 'reinsurance@lucyinsuranceet.com', '5th', '2025-06-05 10:25:21', 1),
(49, 'Claims & Recovery', '+251114704213', 'claims@lucyinsuranceet.com', '4th', '2025-06-05 10:25:28', 1),
(50, 'Audit', '+251114704213', 'audit@lucyinsuranceet.com', '4th', '2025-06-05 10:26:05', 1),
(51, 'Engineering', '251114704213', 'engineering@lucyinsuranceet.com', '3rd', '2025-06-05 10:26:16', 1),
(52, 'Operation', '251114704213', 'operation@lucyinsuranceet.com', '3rd', '2025-06-05 10:26:24', 1),
(53, 'HR & Logistics', '251114704213', 'hrlg@lucyinsuranceet.com', '3rd & 1st', '2025-06-05 10:26:49', 1),
(55, 'Ethics', '251114704213', 'ethics@lucyinsuranceet.com', '5th', '2025-06-05 10:28:10', 1),
(56, 'ICT', '+251116663761', 'it@lucyinsuranceet.com', 'Addis Ababa, Hayahulet, In front of Capital Hotel.', '2025-07-15 06:06:24', 1);

-- --------------------------------------------------------

--
-- Table structure for table `files`
--

CREATE TABLE `files` (
  `id` int(11) NOT NULL,
  `incident_id` int(11) DEFAULT NULL,
  `filename` varchar(255) DEFAULT NULL,
  `filepath` varchar(255) DEFAULT NULL,
  `uploaded_at` timestamp NOT NULL DEFAULT current_timestamp()
) ENGINE=InnoDB DEFAULT CHARSET=utf8mb4 COLLATE=utf8mb4_general_ci;

--
-- Dumping data for table `files`
--

INSERT INTO `files` (`id`, `incident_id`, `filename`, `filepath`, `uploaded_at`) VALUES
(2, 0, NULL, '../uploads/default_avatar.png', '2025-05-27 14:18:23'),
(8, 63, NULL, '../uploads/1750940542_photo_2025-06-26_15-26-26.jpg', '2025-06-26 12:22:22'),
(9, 71, NULL, '../uploads/1751012791_rptViewComputationReportNew (2).pdf', '2025-06-27 08:26:31'),
(10, 72, NULL, '../uploads/1751013089_rptViewComputationReportNew (3).pdf', '2025-06-27 08:31:29'),
(11, 126, NULL, '../uploads/1752240469_workmen compensation_094121.pdf', '2025-07-11 13:27:49'),
(12, 139, NULL, '../uploads/1752498567_SUSPENSION ENDORSEMENT.docx', '2025-07-14 13:09:27'),
(13, 140, NULL, '../uploads/1752498603_Maximum Repairing.docx', '2025-07-14 13:10:03'),
(14, 141, NULL, '../uploads/1752498633_ELECTRICAL VEHICLES EXCLUSION ENDORSEMENTS.docx', '2025-07-14 13:10:33'),
(15, 142, NULL, '../uploads/1752499009_Fire Endorsement.rar', '2025-07-14 13:16:49');

-- --------------------------------------------------------

--
-- Table structure for table `incidents`
--

CREATE TABLE `incidents` (
  `id` int(11) NOT NULL,
  `title` varchar(255) DEFAULT NULL,
  `description` text DEFAULT NULL,
  `status` enum('pending','assigned','not fixed','fixed','rejected','support','reopened','fixed_confirmed') DEFAULT 'pending',
  `priority` enum('low','medium','high') DEFAULT 'medium',
  `assigned_to` int(11) DEFAULT NULL,
  `submitted_by` int(11) DEFAULT NULL,
  `created_at` timestamp NOT NULL DEFAULT current_timestamp(),
  `branch_id` int(11) DEFAULT NULL,
  `assigned_date` datetime DEFAULT NULL,
  `fixed_date` datetime DEFAULT NULL,
  `category_id` int(11) DEFAULT NULL,
  `saved_amount` decimal(10,2) DEFAULT NULL,
  `remark` text DEFAULT NULL,
  `rejected_by` int(11) DEFAULT NULL,
  `rejection_reason` text DEFAULT NULL,
  `rejected_at` datetime DEFAULT NULL
) ENGINE=InnoDB DEFAULT CHARSET=utf8mb4 COLLATE=utf8mb4_general_ci;

--
-- Dumping data for table `incidents`
--

INSERT INTO `incidents` (`id`, `title`, `description`, `status`, `priority`, `assigned_to`, `submitted_by`, `created_at`, `branch_id`, `assigned_date`, `fixed_date`, `category_id`, `saved_amount`, `remark`, `rejected_by`, `rejection_reason`, `rejected_at`) VALUES
(1, 'Computer', 'computer does not bootup', 'fixed_confirmed', 'high', 4, 56, '2025-06-17 04:57:55', 48, '2025-06-17 10:59:23', '2025-06-17 11:03:18', 1, 300.00, NULL, NULL, NULL, NULL),
(2, 'lock release and export file', 'core system password lock and export file from legacy to live system', 'fixed_confirmed', 'high', 4, 46, '2025-06-17 07:45:58', 42, '2025-06-17 13:46:31', '2025-06-17 13:50:36', NULL, 0.00, NULL, NULL, NULL, NULL),
(3, 'core system lock user', 'core system lock user  to claim département', 'fixed_confirmed', 'low', 3, 57, '2025-06-17 07:51:27', 49, '2025-06-17 13:55:03', '2025-06-17 13:56:56', NULL, 200.00, NULL, NULL, NULL, NULL),
(4, 'lock release', 'core system password lock', 'fixed_confirmed', 'high', 4, 52, '2025-06-17 08:10:16', 44, '2025-06-17 14:10:39', '2025-06-17 14:11:05', NULL, 0.00, NULL, NULL, NULL, NULL),
(5, 'lock release', 'core system password locked', 'fixed_confirmed', 'high', 4, 57, '2025-06-17 08:54:59', 49, '2025-06-17 14:56:08', '2025-06-17 14:56:32', NULL, 0.00, NULL, NULL, NULL, NULL),
(6, 'System problems', 'Tp Passenger Increase and Decrease', 'pending', 'low', 62, 59, '2025-06-18 04:10:28', 52, '2025-06-18 10:16:35', NULL, 8, NULL, NULL, NULL, NULL, NULL),
(7, 'Write off problem', 'How to Write off canceled policy with new policy', 'pending', 'medium', 62, 59, '2025-06-18 04:11:15', 52, '2025-06-18 10:16:32', NULL, 8, NULL, NULL, NULL, NULL, NULL),
(8, 'report print out problems', 'Most report included proposals canceled before the premium is collected, this should be corrected.', 'fixed', 'medium', 62, 59, '2025-06-18 04:13:08', 52, '2025-06-18 10:16:29', '2025-06-28 17:10:43', 8, 0.00, 'need to income booked reverse cover note with in the month', NULL, NULL, NULL),
(9, 'approval stage error', 'on approval error message is showing Debit and Credit does not tally', 'fixed', 'medium', 62, 59, '2025-06-18 04:14:05', 52, '2025-06-18 10:16:27', '2025-06-28 08:55:46', 8, 0.00, 'system problem now it is fixed', NULL, NULL, NULL),
(10, 'summary reports issue', 'before approval manager want to see summary of the policy, need to include in the system', 'fixed_confirmed', 'medium', 62, 59, '2025-06-18 04:15:13', 52, '2025-06-18 10:16:19', '2025-06-28 16:02:53', 8, 0.00, 'check and confirm', NULL, NULL, NULL),
(11, 'Total loss advise report', 'searching by claim number is not working', 'fixed_confirmed', 'medium', 62, 57, '2025-06-18 04:23:36', 49, '2025-06-18 10:28:09', '2025-06-18 11:24:27', 8, 0.00, NULL, NULL, NULL, NULL),
(12, 'want  two network cable.', 'want two network cable for CEO secretary', 'fixed_confirmed', 'medium', 2, 51, '2025-06-18 04:26:12', 43, '2025-06-18 11:37:57', '2025-06-18 14:51:36', NULL, 500.00, NULL, NULL, NULL, NULL),
(13, 'Withholding tax', 'General Jornal customer may bring two invoice with different vendor and with different withholding currently on the system there is no option to pay to the customer with such scenarios', 'pending', 'medium', 62, 53, '2025-06-18 04:26:29', 45, '2025-06-18 10:28:05', NULL, 8, NULL, NULL, NULL, NULL, NULL),
(14, 'Vat Cancellation', 'if customer returned cheque within the month cancellation including the vat should be possible. but if the customer returned the cheque next month vat cancellation should not be possible', 'pending', 'low', 62, 53, '2025-06-18 04:27:46', 45, '2025-06-18 10:28:02', NULL, 8, NULL, NULL, NULL, NULL, NULL),
(16, 'Printer share issue.', 'add printer driver to computer, and share this printer from CEO secretary cashier.', 'fixed_confirmed', 'medium', 3, 51, '2025-06-18 04:33:45', 43, '2025-06-18 10:34:26', '2025-06-18 10:36:49', NULL, 300.00, NULL, NULL, NULL, NULL),
(17, 'UnderWriting Excel File Generation for Risk Details Uploads', 'During UnderWriting Excel File Generation for Risk Details Uploads Generate excel file, Save in Local and Validate excel file Button not working.', 'fixed_confirmed', 'medium', 2, 29, '2025-06-18 09:31:08', 25, '2025-06-18 15:39:46', '2025-06-18 16:00:23', 8, 600.00, NULL, NULL, NULL, NULL),
(18, 'Property Managment system', 'ATPM V.1 Database Property Managment system compiler loading problem.', 'fixed_confirmed', 'high', 2, 49, '2025-06-18 09:58:56', 53, '2025-06-18 15:59:33', '2025-06-18 16:01:47', 8, 0.00, NULL, NULL, NULL, NULL),
(19, 'export file', 'export file from legacy to new core system', 'fixed_confirmed', 'medium', 4, 59, '2025-06-18 10:18:04', 52, '2025-06-18 16:19:04', '2025-06-18 16:19:56', NULL, 0.00, NULL, NULL, NULL, NULL),
(20, 'user transfer', 'user transfer based on letter no lucy/hrlo/1241/17', 'fixed_confirmed', 'medium', 4, 49, '2025-06-18 10:26:49', 53, '2025-06-18 16:27:13', '2025-06-18 16:27:38', NULL, 0.00, NULL, NULL, NULL, NULL),
(21, 'lock release', 'core system password locked', 'fixed_confirmed', 'high', 4, 9, '2025-06-18 10:54:43', 5, '2025-06-18 16:55:01', '2025-06-18 16:55:18', NULL, 0.00, NULL, NULL, NULL, NULL),
(22, 'Service Charge', 'when creating insurance transfer service charge the charge amount showing wrong amount', 'fixed', 'low', 62, 59, '2025-06-19 02:54:57', 52, '2025-06-19 09:01:31', '2025-06-26 11:04:11', 8, 0.00, 'fixed but new entries will be affected today onwards june 26,2025', NULL, NULL, NULL),
(23, 'excess print out', 'after changing the excess amount on the printout, it is not coming correctly', 'fixed', 'medium', 62, 59, '2025-06-19 02:58:12', 52, '2025-06-19 09:01:27', '2025-06-28 16:24:16', 8, 0.00, 'no issue come up with specific policy', NULL, NULL, NULL),
(24, 'yellow card cancellation', 'there is no option on the system to cancel the yellow card', 'pending', 'medium', 62, 59, '2025-06-19 02:59:31', 52, '2025-06-19 09:01:24', NULL, 8, NULL, NULL, NULL, NULL, NULL),
(25, 'marine inland transit', 'Multiple ATP Cancellation by insured and by company is not avaliable', 'fixed_confirmed', 'low', 62, 59, '2025-06-19 03:00:28', 52, '2025-06-19 09:01:00', '2025-06-19 10:37:12', 8, 0.00, NULL, NULL, NULL, NULL),
(26, 'Printer share', 'Printer share issue for one computer.', 'fixed_confirmed', 'low', 3, 46, '2025-06-19 04:51:09', 42, '2025-06-19 10:51:50', '2025-06-19 10:52:16', NULL, 100.00, NULL, NULL, NULL, NULL),
(27, 'printer issue', 'printer failed to print', 'fixed_confirmed', 'medium', 4, 49, '2025-06-19 05:32:06', 53, '2025-06-19 11:32:42', '2025-06-19 11:33:19', 6, 300.00, NULL, NULL, NULL, NULL),
(28, 'lock release', 'core system password locked', 'fixed_confirmed', 'high', 4, 25, '2025-06-19 07:45:59', 21, '2025-06-19 13:46:29', '2025-06-19 13:47:26', NULL, 0.00, NULL, NULL, NULL, NULL),
(29, 'Internet Problem', 'Internet access has been turned off. we need a quick review.', 'fixed_confirmed', 'high', 5, 14, '2025-06-19 13:41:40', 10, '2025-06-19 16:51:58', '2025-06-21 11:27:26', 4, 1500.00, 'Tele Finally fixed it.', NULL, NULL, NULL),
(30, 'lock user from core system', 'lock user from core system for user betelehem', 'fixed_confirmed', 'low', 3, 22, '2025-06-21 05:42:41', 18, '2025-06-21 08:42:41', '2025-06-21 09:09:03', NULL, 0.00, 'solved', NULL, NULL, NULL),
(31, 'lock user from core system', 'lock user from core system', 'fixed_confirmed', 'low', 3, 19, '2025-06-21 05:44:17', 15, '2025-06-21 08:44:17', '2025-06-21 09:08:30', NULL, 0.00, 'solved', NULL, NULL, NULL),
(32, 'Add SSD drive', 'Add SSD drive for storage purpose', 'fixed_confirmed', 'medium', 3, 56, '2025-06-21 05:46:30', 48, '2025-06-21 09:06:36', '2025-06-21 09:08:10', NULL, 100.00, 'solved', NULL, NULL, NULL),
(35, 'Format computer and add printer driver', 'Format computer and add printer driver finally share this printer for other three desktop computer', 'fixed_confirmed', 'high', 3, 56, '2025-06-21 05:50:59', 48, '2025-06-21 09:05:27', '2025-06-21 09:07:42', 8, 500.00, 'solved', NULL, NULL, NULL),
(38, 'payment proces', 'how can we handle Lucy insurance vehicles an insurance using the system and how to handle the payment process', 'fixed', 'low', 62, 59, '2025-06-21 07:57:42', 52, '2025-06-21 10:58:17', '2025-06-28 15:17:09', 8, 0.00, 'check and confirm', NULL, NULL, NULL),
(39, 'Bond Extension', 'Bond extension: when extending any number of days, the system should automatically extend from the expiry date of the current policy, or allow effective date flexibility.', 'fixed', 'high', 62, 59, '2025-06-21 07:59:20', 52, '2025-06-21 10:59:57', '2025-07-17 15:56:41', 8, 100.00, 'when you add additional date it automaticity add from the expired date', NULL, NULL, NULL),
(40, 'professional Indemnity', 'Professional Indemnity policy no. 10956: sum insured change is not calculating correctly.', 'fixed', 'low', 62, 59, '2025-06-21 08:02:11', 52, '2025-06-21 11:02:29', '2025-06-28 17:24:27', 8, 0.00, 'no issues but the change should be huge sum inured amount', NULL, NULL, NULL),
(41, 'Date Ended Accidentally', 'We have ended the date accidentally we request a fix.', 'fixed_confirmed', 'medium', 5, 44, '2025-06-21 08:20:40', 40, '2025-06-21 11:20:40', '2025-06-21 11:27:00', 8, 300.00, 'Went into the database and changed it using a console', NULL, NULL, NULL),
(42, 'upgrade computer storage', 'Storage needed un upgrade for performance', 'fixed_confirmed', 'low', 4, 49, '2025-06-21 08:32:06', 53, '2025-06-21 11:32:06', '2025-06-21 11:38:04', 1, 500.00, 'add a external SSD drive to increase the performance of computer', NULL, NULL, NULL),
(43, 'Lock release', 'Core system password locked', 'fixed_confirmed', 'high', 4, 28, '2025-06-21 08:45:18', 24, '2025-06-21 11:45:18', '2025-06-21 11:46:02', NULL, 50.00, 'released it.', NULL, NULL, NULL),
(44, 'Monitor cable addressing', 'Monitor cable addressing', 'fixed_confirmed', 'low', 3, 13, '2025-06-23 10:17:37', 9, '2025-06-23 13:17:37', '2025-06-23 13:18:26', NULL, 200.00, 'fixed', NULL, NULL, NULL),
(45, 'Network Access Problem', 'A computer found in legal department doesn\'t have access to the company network.', 'fixed_confirmed', 'medium', 5, 52, '2025-06-23 10:43:54', 44, '2025-06-23 13:43:54', '2025-06-23 13:49:40', 4, 300.00, 'It wasn\'t getting a valid IP Address from the router, so I had to reset the network settings, which automatically fixed the issue.', NULL, NULL, NULL),
(46, 'Printer share', 'Printer share for Zelalem Computer', 'fixed_confirmed', 'low', 3, 57, '2025-06-23 11:38:21', 49, '2025-06-23 14:38:21', '2025-06-23 14:39:06', NULL, 120.00, 'fixed', NULL, NULL, NULL),
(47, 'lock release', 'Core system password locked (2 diffrent users)', 'fixed_confirmed', 'high', 4, 18, '2025-06-23 11:45:07', 14, '2025-06-23 14:45:07', '2025-06-23 14:46:51', NULL, 0.00, 'released locked users', NULL, NULL, NULL),
(48, 'Release lock from core system', 'Release lock from core system', 'fixed_confirmed', 'low', 3, 57, '2025-06-23 11:51:52', 49, '2025-06-23 14:51:52', '2025-06-23 14:53:59', NULL, 0.00, 'It happens at repeatedly login from system', NULL, NULL, NULL),
(49, 'database issue and printer issue', 'database not opening and printer cannot print', 'fixed_confirmed', 'medium', 4, 49, '2025-06-23 12:17:56', 53, '2025-06-23 15:17:56', '2025-06-23 15:22:01', 6, 150.00, 'fill the Ip address of the printer and connect it. and for the database disconnect previous share folder and reconnect it', NULL, NULL, NULL),
(50, 'files cannot open', 'pdf files cannot open directly', 'fixed_confirmed', 'low', 4, 9, '2025-06-23 12:33:43', 5, '2025-06-23 15:33:43', '2025-06-23 15:36:55', 8, 50.00, 'went to default applications and set adobe reader as default pdf file reader', NULL, NULL, NULL),
(51, 'System Account Locked', 'We would like to request a lock release to our account that has been locked during multiple attempts to login.', 'fixed_confirmed', 'medium', 5, 32, '2025-06-24 07:08:56', 28, '2025-06-24 10:08:56', '2025-06-24 10:10:30', NULL, 50.00, 'Unlocked the account in the system, and explained how to login again after every lock release.', NULL, NULL, NULL),
(52, 'Printer share', 'Printer share for two computer.', 'fixed_confirmed', 'medium', 5, 13, '2025-06-24 08:22:55', 9, '2025-06-26 16:48:13', '2025-06-26 16:50:44', NULL, 100.00, 'Computers couldn\'t find shared on pc because of it\'s firewall which used to be managed by Kypersky Antivirus. Uninstalled the antivirus and it began working.', NULL, NULL, NULL),
(53, 'Printer Jams and Wrinkles Paper', 'The printer is wrinkling paper as it comes out and sometimes gets jammed.', 'fixed_confirmed', 'medium', 5, 46, '2025-06-24 10:40:50', 42, '2025-06-24 13:40:50', '2025-06-24 13:41:32', 6, 200.00, 'Had to clean the drum 1. using system cleaner. 2. manually', NULL, NULL, NULL),
(54, 'Lucy System Account Locked', 'My account was locked and needs a release.', 'fixed_confirmed', 'high', 5, 41, '2025-06-24 13:34:30', 37, '2025-06-24 16:38:35', '2025-06-24 16:39:47', NULL, 20.00, 'Lock released on lucy live system.', NULL, NULL, NULL),
(55, 'No Internet Access', 'I do not have an internet access on my computer.', 'fixed_confirmed', 'high', 5, 52, '2025-06-25 07:37:59', 44, '2025-06-25 10:37:59', '2025-06-25 10:39:22', 4, 100.00, 'Invalid IP Configuration caused the issue and a simple restart of the internet service fixed it.', NULL, NULL, NULL),
(56, 'Internet Issue', 'Internet con\'t connect', 'fixed_confirmed', 'medium', 4, 54, '2025-06-25 07:43:00', 46, '2025-06-25 10:43:00', '2025-06-25 10:46:42', 4, 300.00, 'Unplug and check the functionality of USB port and plug it.', NULL, NULL, NULL),
(57, 'Printer share', 'Printer share problem for share computers', 'fixed_confirmed', 'medium', 3, 57, '2025-06-25 11:40:20', 49, '2025-06-25 14:40:20', '2025-06-25 14:41:57', NULL, 300.00, 'solve this printer issue as restart ,disable and enable network adapter', NULL, NULL, NULL),
(58, 'Revoke user roll access', 'User back from leave and give back cashier\'s user roll access and revoke from Underwriter based on letter no lu/hrlo/358/17', 'fixed_confirmed', 'medium', 4, 49, '2025-06-25 11:57:05', 53, '2025-06-25 14:57:05', '2025-06-25 14:59:05', NULL, 0.00, 'Unselect cashier\'s roll access from underwriting', NULL, NULL, NULL),
(59, 'password locked and migrate file', 'legacy password locked for Adeyabeba stadium branch and migrate file from legacy to live system', 'fixed_confirmed', 'low', 4, 59, '2025-06-25 12:15:12', 52, '2025-06-25 15:15:36', '2025-06-25 15:18:00', NULL, 0.00, 'password released and migrate file', NULL, NULL, NULL),
(60, 'lock release', 'core system password locked', 'fixed_confirmed', 'high', 4, 34, '2025-06-25 13:38:58', 30, '2025-06-25 16:38:58', '2025-06-25 16:39:33', NULL, 0.00, 'password released', NULL, NULL, NULL),
(61, 'lock user', 'lock user on core system', 'fixed_confirmed', 'low', 3, 19, '2025-06-26 08:52:57', 15, '2025-06-26 11:52:57', '2025-06-26 11:55:01', NULL, 62.00, 'relase', NULL, NULL, NULL),
(62, 'Third Party bulk Import Problem.', 'Third Party bulk Import not working .', 'fixed_confirmed', 'medium', 2, 29, '2025-06-26 11:30:30', 25, '2025-06-26 14:30:30', '2025-06-26 15:39:44', 8, 1000.00, 'Fixed Problem', NULL, NULL, NULL),
(63, 'Excess', 'Engineering Boiler And Pressure Vessel Policy', 'fixed', 'high', 62, 59, '2025-06-26 12:22:22', 52, '2025-06-26 15:49:12', '2025-06-28 15:16:34', 8, 0.00, 'check', NULL, NULL, NULL),
(64, 'Multiple ATP', 'Marine Inland Transit Insurance to be added the change Port of Loading and Unloading its Available on the Marine Insurance', 'fixed', 'high', 62, 59, '2025-06-26 12:26:04', 52, '2025-06-26 15:48:42', '2025-06-26 16:34:20', 8, 0.00, 'All risk and Pure inland change as requested like marine', NULL, NULL, NULL),
(65, 'install application', 'install application', 'fixed_confirmed', 'low', 4, 54, '2025-06-26 13:05:39', 46, '2025-06-26 16:05:39', '2025-06-26 16:06:15', 8, 0.00, 'installed applications', NULL, NULL, NULL),
(66, 'Internet Issue', 'Internet connection disconnected', 'fixed_confirmed', 'high', 4, 12, '2025-06-26 13:19:43', 8, '2025-06-26 16:19:43', '2025-06-27 09:03:32', 4, 500.00, 'registered incident to tele and they fixed it.', NULL, NULL, NULL),
(67, 'lock user', 'lock user from lucy core system', 'fixed_confirmed', 'low', 3, 57, '2025-06-26 13:26:19', 49, '2025-06-26 16:26:19', '2025-06-26 16:27:03', NULL, 62.00, 'release', NULL, NULL, NULL),
(68, 'lock release', 'core system password locked', 'fixed_confirmed', 'high', 4, 12, '2025-06-27 06:04:53', 8, '2025-06-27 09:04:53', '2025-06-27 09:05:34', NULL, 0.00, 'user password released', NULL, NULL, NULL),
(69, 'lock release', 'core system password locked', 'fixed_confirmed', 'high', 4, 9, '2025-06-27 06:31:51', 5, '2025-06-27 09:31:51', '2025-06-27 09:32:32', NULL, 0.00, 'user password released', NULL, NULL, NULL),
(70, 'Internet & Network Access', 'We have no network. The GPON has an amber blink light on LOS.', 'fixed_confirmed', 'high', 5, 10, '2025-06-27 07:56:15', 6, '2025-06-27 10:56:15', '2025-06-27 10:58:34', 4, 700.00, '1. Notified Ethio-Telecom of the issue.\r\n2. Installed VPN and Internet through wireless routers until ethio-telecom fixes the issue from their side.', NULL, NULL, NULL),
(71, 'Group personal accident', 'We request that you ensure the calculation of GPA medical expenses for natural illnesses at a rate of 20%.', 'fixed_confirmed', 'high', 62, 59, '2025-06-27 08:26:31', 52, '2025-06-27 11:51:04', '2025-06-30 08:58:40', 8, 0.00, 'configuration please provide rate or amount', NULL, NULL, NULL),
(72, 'Fire and lightning', 'the area discount applied is not correct', 'fixed_confirmed', 'high', 62, 59, '2025-06-27 08:31:29', 52, '2025-06-27 11:50:55', '2025-06-28 08:29:16', 8, 0.00, 'No issue wrongly reported', NULL, NULL, NULL),
(73, 'lock user', 'lock user from lucy core system', 'fixed_confirmed', 'low', 3, 22, '2025-06-27 12:27:07', 18, '2025-06-27 15:27:07', '2025-06-27 15:30:58', NULL, 50.00, 'release', NULL, NULL, NULL),
(74, 'lock user', 'lock user from lucy core system', 'fixed_confirmed', 'low', 3, 19, '2025-06-27 12:32:44', 15, '2025-06-27 15:32:44', '2025-06-27 15:33:30', NULL, 50.00, 'release', NULL, NULL, NULL),
(75, 'network case', 'network case for one computer', 'fixed_confirmed', 'medium', 3, 57, '2025-06-27 12:52:16', 49, '2025-06-27 15:55:05', '2025-06-27 15:56:24', 4, 150.00, 'it may happen host fluctuation on router', NULL, NULL, NULL),
(76, 'lock release', 'core system password locked (2x)', 'fixed_confirmed', 'high', 4, 34, '2025-06-28 07:39:08', 30, '2025-06-28 10:39:08', '2025-06-28 10:40:03', NULL, 20.00, 'user password released', NULL, NULL, NULL),
(77, 'application', 'install application', 'fixed_confirmed', 'low', 4, 54, '2025-06-28 07:41:27', 46, '2025-06-28 10:41:27', '2025-06-28 10:42:47', 8, 100.00, 'install requested application\'s they used for work', NULL, NULL, NULL),
(78, 'computer cannot bootup', 'computer cannot bootup require system repair', 'fixed_confirmed', 'high', 4, 54, '2025-06-30 06:19:51', 46, '2025-06-30 09:19:51', '2025-06-30 09:21:11', 1, 700.00, 'fixed using system repair setting', NULL, NULL, NULL),
(79, 'hidden file', 'my file was hide from desktop', 'fixed_confirmed', 'low', 4, 54, '2025-06-30 08:20:39', 46, '2025-06-30 11:20:39', '2025-06-30 11:23:17', NULL, 100.00, 'thick unhide box form file explorer option', NULL, NULL, NULL),
(80, 'lock release', 'core system password locked', 'fixed_confirmed', 'high', 4, 12, '2025-06-30 08:24:01', 8, '2025-06-30 11:24:01', '2025-06-30 11:24:30', NULL, 20.00, 'password released', NULL, NULL, NULL),
(81, 'lock release', 'core system password locked', 'fixed_confirmed', 'low', 4, 21, '2025-06-30 08:27:08', 17, '2025-06-30 11:27:08', '2025-06-30 11:27:41', NULL, 20.00, 'password released', NULL, NULL, NULL),
(82, 'tele phone disruption', 'tele phone disruption', 'fixed_confirmed', 'low', 3, 19, '2025-07-01 08:09:01', 15, '2025-07-01 11:09:01', '2025-07-01 15:00:21', NULL, 200.00, 'solved by tele side', NULL, NULL, NULL),
(83, 'tele phone disruption', 'tele phone disruption', 'assigned', 'medium', 3, 64, '2025-07-01 08:13:14', 1, '2025-07-01 11:50:20', NULL, NULL, NULL, NULL, NULL, NULL, NULL),
(84, 'lock release', 'core system password locked', 'fixed_confirmed', 'high', 4, 25, '2025-07-01 08:33:38', 21, '2025-07-01 11:33:38', '2025-07-01 11:34:26', NULL, 20.00, 'password released', NULL, NULL, NULL),
(85, 'GIIS Account Creation', 'We would lie to request for account creation in GIIS system for Helen our cashier.', 'fixed_confirmed', 'high', 5, 27, '2025-07-01 13:36:18', 23, '2025-07-01 16:36:18', '2025-07-01 16:38:01', NULL, 300.00, 'Account Created', NULL, NULL, NULL),
(86, 'Account Role Revoke', 'A previously entrusted cashier role right should be taken away from Hilina, an underwriting officer.', 'fixed_confirmed', 'medium', 5, 27, '2025-07-01 13:40:12', 23, '2025-07-01 16:40:12', '2025-07-01 16:41:38', NULL, 300.00, 'Role changed from underwriting officer in General Ledger and System Administration.', NULL, NULL, NULL),
(87, 'network', 'network cable disconnected', 'fixed_confirmed', 'high', 4, 25, '2025-07-02 06:41:36', 21, '2025-07-02 09:41:36', '2025-07-02 09:43:09', 4, 600.00, 'Fixed by crimping network cable', NULL, NULL, NULL),
(88, 'Reset Password', 'Reset Password for Helen, cashier.', 'fixed_confirmed', 'high', 5, 27, '2025-07-02 08:15:52', 23, '2025-07-02 11:15:52', '2025-07-02 11:16:54', NULL, 50.00, 'I have reset her account password.', NULL, NULL, NULL),
(89, 'add user role', 'add user role for auditor from underwriter and claim report module', 'fixed_confirmed', 'low', 4, 64, '2025-07-02 11:52:18', 1, '2025-07-02 14:52:52', '2025-07-02 14:53:42', NULL, 100.00, 'user role added for auditor', NULL, NULL, NULL),
(90, 'lock release', 'core system password locked', 'fixed_confirmed', 'high', 4, 34, '2025-07-02 11:57:56', 30, '2025-07-02 14:57:56', '2025-07-02 14:58:32', NULL, 20.00, 'password released', NULL, NULL, NULL),
(91, 'printer issue', 'printer share cannot connect', 'fixed_confirmed', 'medium', 4, 25, '2025-07-02 13:10:58', 21, '2025-07-02 16:10:58', '2025-07-02 16:11:37', NULL, 200.00, 'fixed', NULL, NULL, NULL),
(92, 'lock user', 'lock user from lucy core system', 'fixed_confirmed', 'low', 3, 22, '2025-07-03 06:17:37', 18, '2025-07-03 09:17:37', '2025-07-03 09:19:10', NULL, 40.00, 'released', NULL, NULL, NULL),
(93, 'lock release', 'core system password locked', 'fixed_confirmed', 'high', 4, 9, '2025-07-03 07:44:33', 5, '2025-07-03 10:44:33', '2025-07-03 10:45:16', NULL, 20.00, 'password released', NULL, NULL, NULL),
(94, 'lock release', 'core system password locked', 'fixed_confirmed', 'high', 4, 46, '2025-07-03 07:49:01', 42, '2025-07-03 10:49:31', '2025-07-03 10:50:08', NULL, 20.00, 'password released', NULL, NULL, NULL),
(95, 'Copy Machine Jamming', 'Paper Jam occurs every time a  job is request for copy on the cannon 2206 copy machine.', 'fixed_confirmed', 'medium', 5, 46, '2025-07-04 06:50:03', 42, '2025-07-04 09:53:04', '2025-07-04 09:54:21', 6, 100.00, 'Configuration issue of paper source. was set to drawer but the drawer is faulty. so needed to change the paper source to the multi-purpose tray instead, thus fixed the issue.', NULL, NULL, NULL),
(96, 'roll back', 'day begin and end roll back', 'fixed_confirmed', 'low', 3, 22, '2025-07-04 07:46:50', 18, '2025-07-04 10:46:50', '2025-07-04 10:47:59', NULL, 75.00, 'fixed', NULL, NULL, NULL),
(97, 'Network Issue', 'Network Issue happen to open the  core system.', 'fixed_confirmed', 'low', 3, 57, '2025-07-04 07:55:59', 49, '2025-07-04 10:55:59', '2025-07-04 10:57:28', 4, 120.00, 'fixed ,when reset network of the host computer', NULL, NULL, NULL),
(98, 'lock release', 'core system password locked (2 users)', 'fixed_confirmed', 'high', 4, 15, '2025-07-04 08:13:26', 11, '2025-07-04 11:15:06', '2025-07-04 11:15:40', NULL, 40.00, 'password released', NULL, NULL, NULL),
(99, 'scanner', 'scanner cannot scan', 'fixed_confirmed', 'low', 4, 25, '2025-07-04 08:45:42', 21, '2025-07-04 11:45:42', '2025-07-04 11:47:59', 6, 200.00, 'install MFSCAN UTILITY application', NULL, NULL, NULL),
(100, 'web mail login erorr', 'web mail login error', 'fixed_confirmed', 'low', 3, 13, '2025-07-04 11:27:54', 9, '2025-07-04 14:27:54', '2025-07-04 14:29:22', NULL, 70.00, 'fixed when I open in unsecure network', NULL, NULL, NULL),
(101, 'dayend rollback', 'we need help with dayend rollback', 'fixed_confirmed', 'high', 4, 21, '2025-07-04 11:48:16', 17, '2025-07-04 14:48:16', '2025-07-04 14:49:51', NULL, 50.00, 'rollbacked the dayend', NULL, NULL, NULL),
(102, 'add user role', 'add user role form claims and underwriter transaction report for Reinsurance', 'fixed_confirmed', 'low', 4, 64, '2025-07-04 12:31:15', 1, '2025-07-04 15:31:32', '2025-07-04 15:31:59', NULL, 0.00, 'user roll added', NULL, NULL, NULL),
(103, 'Printer Sharing Error', 'Not printing from one specific computer.', 'fixed_confirmed', 'high', 5, 46, '2025-07-05 05:50:46', 42, '2025-07-05 08:50:46', '2025-07-05 08:53:45', NULL, 100.00, 'Operating System Incompatibility triggers the issue. I have fixed it.', NULL, NULL, NULL),
(104, 'Roll back', 'Roll Back needed ,when day is end', 'fixed_confirmed', 'low', 3, 22, '2025-07-05 07:18:38', 18, '2025-07-05 10:18:38', '2025-07-05 10:19:09', NULL, 60.00, 'fixed', NULL, NULL, NULL),
(105, 'printer cable', 'printer cable  request', 'fixed_confirmed', 'low', 3, 13, '2025-07-05 07:21:34', 9, '2025-07-05 10:21:34', '2025-07-05 10:22:20', NULL, 60.00, 'we inform purchase in pity cash', NULL, NULL, NULL),
(106, 'Network & Internet Access Issue', 'A computer of the bank manager has no access both to the VPN network and to the internet.', 'fixed_confirmed', 'high', 5, 10, '2025-07-07 06:31:53', 6, '2025-07-07 09:31:53', '2025-07-07 09:32:52', 4, 100.00, 'IP address configuration needed and done as such.', NULL, NULL, NULL),
(107, 'Register user from core system for Piasa', 'Register user (samerawit getachew ) as casher to core system from piassa branch', 'fixed_confirmed', 'low', 3, 7, '2025-07-07 07:19:24', 3, '2025-07-07 10:19:24', '2025-07-07 10:20:48', NULL, 130.00, 'Give  username and password  for user', NULL, NULL, NULL),
(108, 'lock user', 'lock user  core system for 4 kollo', 'fixed_confirmed', 'low', 3, 19, '2025-07-07 07:22:09', 15, '2025-07-07 10:22:09', '2025-07-07 10:23:01', NULL, 45.00, 'release', NULL, NULL, NULL),
(109, 'lock user', 'lock user  from core system', 'fixed_confirmed', 'low', 3, 11, '2025-07-07 12:00:14', 7, '2025-07-07 15:00:14', '2025-07-07 15:01:45', NULL, 35.00, 'release', NULL, NULL, NULL),
(110, 'Printer Issue', 'Printer doesn\'t print.', 'fixed_confirmed', 'medium', 5, 8, '2025-07-07 12:03:04', 4, '2025-07-07 15:03:04', '2025-07-07 15:07:43', 6, 200.00, 'Installed new driver and it worked', NULL, NULL, NULL),
(111, 'travel policy', 'Travel policy Cancellation is not working properly', 'pending', 'high', 62, 59, '2025-07-07 12:47:49', 52, '2025-07-07 16:03:22', NULL, 8, NULL, NULL, NULL, NULL, NULL),
(112, 'Reinsurance Boarderaux', 'need risk name, and number of item column to be add on underwriting boardeaux  report', 'fixed', 'low', 62, 59, '2025-07-07 13:02:20', 52, '2025-07-07 16:03:06', '2025-07-16 08:29:27', 8, 100.00, 'Premium allocation page risk name is available', NULL, NULL, NULL),
(113, 'Lucy Live System Account Locked', 'Lucy Live System Account Locked for Helen.', 'fixed_confirmed', 'low', 5, 27, '2025-07-08 10:45:51', 23, '2025-07-08 13:45:51', '2025-07-08 13:46:39', NULL, 50.00, 'Account Unlocked.', NULL, NULL, NULL),
(114, 'computer storage and applications', 'external storage needed and applications cannot installed', 'fixed_confirmed', 'high', 4, 54, '2025-07-08 12:24:16', 46, '2025-07-08 15:24:16', '2025-07-08 15:31:21', 1, 700.00, 'add additional HHD storage and fix the traits that restrict the applications to installed', NULL, NULL, NULL),
(115, 'lock release', 'core system password locked', 'fixed_confirmed', 'high', 4, 16, '2025-07-08 12:33:27', 12, '2025-07-08 15:33:27', '2025-07-08 15:34:05', 8, 20.00, 'password released', NULL, NULL, NULL),
(116, 'Day end rollback', 'Day end rollback  for 08 july 2025', 'fixed_confirmed', 'low', 3, 22, '2025-07-08 12:37:08', 18, '2025-07-08 15:37:08', '2025-07-08 15:37:55', 8, 80.00, 'It is done', NULL, NULL, NULL),
(117, 'core system cannot work', 'VPN cannot working', 'fixed_confirmed', 'high', 4, 38, '2025-07-08 13:05:15', 34, '2025-07-08 16:05:15', '2025-07-08 16:07:49', 4, 300.00, 'give IP statically and restart VPN router', NULL, NULL, NULL),
(118, 'Day end rollback', 'Day end rollback', 'fixed_confirmed', 'low', 3, 22, '2025-07-09 06:35:48', 18, '2025-07-09 09:35:48', '2025-07-09 09:42:13', 8, 50.00, 'Because module is removed and access got starting tomorrow', NULL, NULL, NULL),
(119, 'Remove admin control roll', 'Remove admin control roll from underwriter User  using Access Rights Assignment module', 'fixed_confirmed', 'low', 3, 22, '2025-07-09 06:39:08', 18, '2025-07-09 09:39:08', '2025-07-09 09:44:01', 8, 50.00, 'fixed', NULL, NULL, NULL),
(120, 'Account locked', 'My account was locked in the system.', 'fixed_confirmed', 'high', 5, 32, '2025-07-09 08:02:17', 28, '2025-07-09 11:02:17', '2025-07-09 11:02:51', 8, 50.00, 'Unlocked the account.', NULL, NULL, NULL),
(121, 'Account locked out of the system', 'My account was locked out.', 'fixed_confirmed', 'high', 5, 27, '2025-07-09 08:03:41', 23, '2025-07-09 11:03:41', '2025-07-09 11:04:06', 8, 50.00, 'Unlocked account.', NULL, NULL, NULL),
(122, 'Day end rollback', 'Day end rollback', 'fixed_confirmed', 'low', 3, 22, '2025-07-10 08:00:53', 18, '2025-07-10 11:00:53', '2025-07-10 11:01:29', 8, 50.00, 'solved', NULL, NULL, NULL),
(123, 'Internet Access Issue', 'One computer is not getting an internet access', 'fixed_confirmed', 'medium', 5, 23, '2025-07-10 08:08:00', 19, '2025-07-10 11:08:00', '2025-07-10 11:09:16', 4, 500.00, 'Went in person to the branch and had to change the outlet.', NULL, NULL, NULL),
(124, 'printer', 'printer can\'t print', 'fixed_confirmed', 'high', 4, 25, '2025-07-10 10:58:34', 21, '2025-07-10 13:58:34', '2025-07-10 13:59:05', 6, 200.00, 'fixed', NULL, NULL, NULL),
(125, 'printer', 'printer can\'t print', 'fixed_confirmed', 'high', 4, 49, '2025-07-11 08:02:43', 53, '2025-07-11 11:02:43', '2025-07-11 11:03:48', 6, 100.00, 're add printer by IP address and connect it', NULL, NULL, NULL),
(126, 'workmens compensation policy and schedule', 'There are redundancies and discrepancies between the policy wording and the schedule compared to our standard policy wording. We will provide the correct format and wording for both the schedule and the policy', 'fixed', 'low', 62, 59, '2025-07-11 13:27:49', 52, '2025-07-12 09:04:16', '2025-07-15 17:14:41', 8, 100.00, 'corrected', NULL, NULL, NULL),
(127, 'Printer share issue.', 'Printer share issue.', 'fixed_confirmed', 'low', 3, 24, '2025-07-11 13:28:27', 20, '2025-07-11 16:28:27', '2025-07-11 16:29:19', 6, 80.00, 'fixed when printer source is set as drawer', NULL, NULL, NULL),
(128, 'Fire and lightning', 'Endorsement wording is not available', 'fixed_confirmed', 'medium', 62, 59, '2025-07-11 13:29:26', 52, '2025-07-12 09:04:03', '2025-07-15 15:04:56', 8, 100.00, 'no issue already available on the policy schedule', NULL, NULL, NULL),
(129, 'printer', 'color printer not working', 'fixed_confirmed', 'low', 4, 54, '2025-07-11 13:42:28', 46, '2025-07-11 16:42:28', '2025-07-11 16:43:24', 6, 120.00, 'Install Epson printer driver', NULL, NULL, NULL),
(130, 'Motor and PVT', 'there is no option to attache Maximum Repairing/Total losses declaring limit endorsement, Electrical vehicle exclusion endorsement for motor and for PVT suspension endorsement', 'fixed_confirmed', 'low', 62, 59, '2025-07-11 14:01:12', 52, '2025-07-12 09:03:48', '2025-07-15 15:06:31', 8, 100.00, 'no issue already available on the policy schedule', NULL, NULL, NULL),
(131, 'Enginereing contractor all risk', 'Sum insured amendment option is not possible', 'pending', 'low', 62, 59, '2025-07-11 14:04:35', 52, '2025-07-12 09:05:39', NULL, 8, NULL, NULL, NULL, NULL, NULL),
(132, 'lock release', 'core system password locked', 'fixed_confirmed', 'low', 4, 28, '2025-07-14 08:25:28', 24, '2025-07-14 11:25:28', '2025-07-14 11:25:57', 8, 20.00, 'password released', NULL, NULL, NULL),
(133, 'lock release', 'core system password locked', 'fixed_confirmed', 'high', 4, 34, '2025-07-14 08:49:53', 30, '2025-07-14 11:49:53', '2025-07-14 11:50:23', 8, 20.00, 'password released', NULL, NULL, NULL),
(134, 'lock release', 'core system password locked', 'fixed_confirmed', 'high', 4, 18, '2025-07-14 09:02:13', 14, '2025-07-14 12:02:13', '2025-07-14 12:02:49', 8, 20.00, 'passwored released', NULL, NULL, NULL),
(135, 'Account Locked MIIS', 'Account is locked', 'fixed_confirmed', 'medium', 5, 34, '2025-07-14 10:27:11', 30, '2025-07-14 13:29:34', '2025-07-14 13:30:22', 8, 50.00, 'Unlocked account.', NULL, NULL, NULL),
(136, 'Account Locked MIIS', 'Account was locked.', 'fixed_confirmed', 'high', 5, 32, '2025-07-14 10:27:50', 28, '2025-07-14 13:27:50', '2025-07-14 13:31:05', 8, 50.00, 'Unlocked account', NULL, NULL, NULL),
(137, 'Account Locked MIIS', 'Account was locked', 'fixed_confirmed', 'high', 5, 23, '2025-07-14 10:28:30', 19, '2025-07-14 13:28:30', '2025-07-14 13:31:19', 8, 50.00, 'Unlocked account', NULL, NULL, NULL),
(138, 'Internet Access Issue', 'I can not access the internet or the VPN.', 'fixed_confirmed', 'high', 5, 46, '2025-07-14 10:29:15', 42, '2025-07-14 13:29:15', '2025-07-14 13:32:00', 4, 120.00, 'LAN Proxy enabled which routed the whole network to the proxy. turned it off and it worked.', NULL, NULL, NULL),
(139, 'Endorsement', 'suspension endorsement for PVT', 'fixed', 'low', 62, 59, '2025-07-14 13:09:27', 52, '2025-07-15 09:44:28', '2025-07-17 16:37:45', 8, 100.00, 'suspension added at the end of the policy', NULL, NULL, NULL),
(140, 'Endorsement', 'Maximum Repairing/Total losses declaring limit', 'fixed_confirmed', 'low', 62, 59, '2025-07-14 13:10:03', 52, '2025-07-15 09:44:26', '2025-07-15 15:04:39', 8, 100.00, 'no issue already available on the policy schedule', NULL, NULL, NULL),
(141, 'Endorsement', 'Electrical vehicle exclusion endorsement for motor a', 'fixed_confirmed', 'low', 62, 59, '2025-07-14 13:10:33', 52, '2025-07-15 09:44:24', '2025-07-15 15:04:30', 8, 100.00, 'no issue already available on the policy schedule', NULL, NULL, NULL),
(142, 'Endorsement', 'Fire endorsement', 'fixed_confirmed', 'low', 62, 59, '2025-07-14 13:16:49', 52, '2025-07-15 09:44:20', '2025-07-15 15:04:14', 8, 100.00, 'no issue already available on the policy schedule', NULL, NULL, NULL),
(143, 'Data Export From Legacy Server to Live', 'We need a data export from legacy server to live.', 'fixed_confirmed', 'high', 5, 52, '2025-07-15 06:10:49', 44, '2025-07-15 09:10:49', '2025-07-15 09:12:08', 8, 100.00, 'Data exported.', NULL, NULL, NULL),
(144, 'lock user', 'lock user  from lucy core system', 'fixed_confirmed', 'low', 3, 13, '2025-07-15 12:41:10', 9, '2025-07-15 15:41:10', '2025-07-15 15:41:36', 8, 30.00, 'relased', NULL, NULL, NULL),
(145, 'Account Locked on Live System', 'My account was locked in the live system.', 'fixed_confirmed', 'medium', 5, 6, '2025-07-16 05:58:41', 2, '2025-07-16 08:58:41', '2025-07-16 09:07:14', 8, 50.00, 'Account released', NULL, NULL, NULL),
(146, 'Internet Access Problem', 'A single computer can not access the network or the internet.', 'fixed_confirmed', 'high', 5, 41, '2025-07-16 06:12:29', 37, '2025-07-16 09:12:29', '2025-07-16 09:13:52', 1, 400.00, 'Went in person... checked cables and found that the cable was not plugged in the right way. plugging it in correctly solved the internet and VPN access problem.', NULL, NULL, NULL),
(147, 'lock user', 'lock user from lucy core system', 'fixed_confirmed', 'low', 3, 22, '2025-07-16 06:47:32', 18, '2025-07-16 09:47:32', '2025-07-16 09:48:22', 8, 40.00, 'released', NULL, NULL, NULL),
(148, 'Account Locked in the Live System', 'My cashier account was locked in the live system.', 'fixed_confirmed', 'medium', 5, 40, '2025-07-16 07:05:03', 36, '2025-07-16 10:08:52', '2025-07-16 10:09:15', 8, 50.00, 'Account unlocked', NULL, NULL, NULL),
(149, 'Scanner unable to scan', 'The scanner in our branch is not functioning. canon 2202', 'fixed_confirmed', 'medium', 5, 8, '2025-07-16 08:19:41', 4, '2025-07-16 11:19:41', '2025-07-16 11:20:44', 6, 250.00, 'Installed and configured the scanner to work on the computer.', NULL, NULL, NULL),
(150, 'lock user', 'lock user', 'fixed_confirmed', 'low', 3, 11, '2025-07-16 12:01:28', 7, '2025-07-16 15:01:28', '2025-07-16 15:02:08', 8, 35.00, 'released', NULL, NULL, NULL),
(151, 'Migrate from  legacy', 'Migrate from  legacy to live server', 'fixed_confirmed', 'low', 3, 57, '2025-07-16 12:07:27', 49, '2025-07-16 15:07:27', '2025-07-16 15:08:14', 8, 75.00, 'solved', NULL, NULL, NULL),
(152, 'lock release', 'core system password locked', 'fixed_confirmed', 'high', 4, 18, '2025-07-17 06:31:36', 14, '2025-07-17 09:31:36', '2025-07-17 09:32:05', 8, 30.00, 'password released', NULL, NULL, NULL),
(153, 'create user for system', 'create user for all system to our new employee based on Ref.No. Lucy/HRL/050/25', 'fixed_confirmed', 'high', 4, 49, '2025-07-17 11:38:25', 53, '2025-07-17 14:38:25', '2025-07-17 14:39:09', 8, 50.00, 'user created', NULL, NULL, NULL),
(154, 'lock user', 'lock user', 'fixed_confirmed', 'low', 3, 7, '2025-07-18 06:17:12', 3, '2025-07-18 09:17:12', '2025-07-18 09:17:43', 8, 30.00, 'released', NULL, NULL, NULL),
(155, 'Excel Not Opening Correctly', 'Excel is not opening files correctly and is too slow.', 'fixed_confirmed', 'medium', 5, 46, '2025-07-18 12:49:50', 42, '2025-07-18 15:49:50', '2025-07-18 15:54:33', 1, 1400.00, 'New Windows Installation, Domain Entry, Telegram, Office 2013 & Power Geez.', NULL, NULL, NULL),
(156, 'lock release', 'core system password locked (two users)', 'fixed_confirmed', 'high', 4, 38, '2025-07-18 12:54:40', 34, '2025-07-18 15:54:40', '2025-07-18 15:55:07', 8, 50.00, 'password released', NULL, NULL, NULL),
(157, 'Printer Problem', 'Printer not printing', 'fixed_confirmed', 'high', 5, 8, '2025-07-19 08:23:41', 4, '2025-07-19 11:23:41', '2025-07-19 11:25:15', 6, 200.00, 'Installed a new driver and it worked.', NULL, NULL, NULL),
(158, 'lock user', 'lock user', 'fixed_confirmed', 'low', 3, 24, '2025-07-21 08:46:23', 20, '2025-07-21 11:46:23', '2025-07-21 11:46:54', 8, 35.00, 'fixed', NULL, NULL, NULL),
(159, 'Account Lock Release', 'Account lock released', 'fixed_confirmed', 'medium', 5, 36, '2025-07-21 10:34:58', 32, '2025-07-21 13:42:39', '2025-07-21 13:43:11', 8, 50.00, 'Account Released', NULL, NULL, NULL),
(160, 'Day Roll Back', 'Roll Back Day Needed coz of an accidental day ending.', 'fixed_confirmed', 'low', 4, 36, '2025-07-21 10:36:25', 32, '2025-07-21 13:42:22', '2025-07-21 13:46:57', 8, 100.00, 'went to database server remotely and apply dayend rollback', NULL, NULL, NULL),
(161, 'printer', 'printer share connot work', 'fixed_confirmed', 'high', 4, 54, '2025-07-21 11:24:39', 46, '2025-07-21 14:24:39', '2025-07-21 14:25:31', 6, 100.00, 'call shared printer name on each computer and install driver', NULL, NULL, NULL),
(162, 'roll back', 'roll back  for its day', 'fixed_confirmed', 'low', 3, 15, '2025-07-21 12:36:12', 11, '2025-07-21 15:36:12', '2025-07-21 15:37:00', 8, 110.00, 'solved', NULL, NULL, NULL),
(163, 'MIIS Live Account Locked', 'We need a lock release', 'fixed_confirmed', 'low', 5, 24, '2025-07-21 14:30:06', 20, '2025-07-21 17:30:20', '2025-07-21 17:30:42', 8, 50.00, 'Unlocked Account', NULL, NULL, NULL),
(164, 'Printer Paper Jam', 'Paper Jammed in the printer we need assistance.', 'fixed_confirmed', 'high', 5, 46, '2025-07-21 14:32:00', 42, '2025-07-21 17:32:00', '2025-07-21 17:33:16', 6, 200.00, 'Tiny Shredded paper pieces were stuck in the rollers. I had to disassemble the printer and take out the papers, that fixed it after reassembling it.', NULL, NULL, NULL),
(165, 'Internet access failed', 'Internet access failed  around my building', 'fixed_confirmed', 'low', 3, 24, '2025-07-22 08:15:33', 20, '2025-07-22 11:15:33', '2025-07-22 11:16:47', 4, 160.00, 'solved after register service in ardi chat boot', NULL, NULL, NULL),
(166, 'lock user', 'lock user', 'fixed_confirmed', 'low', 3, 22, '2025-07-22 08:21:04', 18, '2025-07-22 11:21:04', '2025-07-22 11:21:29', 8, 36.00, 'fixed', NULL, NULL, NULL),
(167, 'migrate', 'Migrate file from legacy to new live system', 'fixed_confirmed', 'low', 4, 59, '2025-07-22 08:42:53', 52, '2025-07-22 11:43:21', '2025-07-22 11:44:36', 8, 70.00, 'went to live system database remotely and apply migration.', NULL, NULL, NULL),
(168, 'Printer share', 'Printer share  for computers', 'fixed_confirmed', 'low', 3, 58, '2025-07-22 08:47:09', 50, '2025-07-22 11:47:09', '2025-07-22 11:47:45', 6, 130.00, 'fixed', NULL, NULL, NULL),
(169, 'Internet', 'Wi-Fi performance in high-traffic areas', 'fixed_confirmed', 'medium', 2, 30, '2025-07-22 10:17:03', 26, '2025-07-22 14:12:23', '2025-07-22 14:14:36', 4, 0.00, 'Fixed', NULL, NULL, NULL),
(170, 'Slow VPN speeds', 'Slow VPN speeds During policy issue time.', 'fixed_confirmed', 'high', 2, 29, '2025-07-22 10:25:09', 25, '2025-07-22 13:25:09', '2025-07-22 14:01:50', 4, 500.00, 'minor outages caused by ISP fluctuations.', NULL, NULL, NULL),
(171, 'Login delays on domain', 'Login delays on domain-joined computers.', 'fixed_confirmed', 'medium', 2, 53, '2025-07-22 10:30:37', 45, '2025-07-22 13:30:37', '2025-07-22 13:57:25', 4, 1000.00, 'Cleared cached credentials and optimized Active Directory sync.', NULL, NULL, NULL),
(172, 'Account Locked MIIS', 'An account was locked we need a lock release.', 'fixed_confirmed', 'high', 5, 8, '2025-07-23 06:43:40', 4, '2025-07-23 09:43:40', '2025-07-23 09:44:33', 8, 50.00, 'account released', NULL, NULL, NULL),
(173, 'printer', 'color printer cannot print', 'fixed_confirmed', 'low', 4, 54, '2025-07-23 12:01:12', 46, '2025-07-23 15:01:12', '2025-07-23 15:02:21', 6, 100.00, 'install new driver and connect the driver', NULL, NULL, NULL),
(174, 'create user', 'create marine system user for new employed branch manager', 'fixed_confirmed', 'low', 4, 28, '2025-07-24 06:53:15', 24, '2025-07-24 09:53:15', '2025-07-24 09:53:57', 8, 50.00, 'user created', NULL, NULL, NULL),
(175, 'printer', 'computers can\'t connect with networked printer', 'fixed_confirmed', 'low', 4, 49, '2025-07-24 13:00:08', 53, '2025-07-24 16:00:08', '2025-07-24 16:01:52', 6, 200.00, 'resetup printer machine network with ip address', NULL, NULL, NULL);

-- --------------------------------------------------------

--
-- Stand-in structure for view `incident_counts`
-- (See below for the actual view)
--
CREATE TABLE `incident_counts` (
`branch_name` varchar(100)
,`name` varchar(100)
,`report_date` date
,`total_incidents` bigint(21)
);

-- --------------------------------------------------------

--
-- Stand-in structure for view `incident_fix_times`
-- (See below for the actual view)
--
CREATE TABLE `incident_fix_times` (
`incident_id` int(11)
,`title` varchar(255)
,`report_date` timestamp
,`fixed_date` datetime
,`days_to_fix` int(7)
,`branch_name` varchar(100)
,`name` varchar(100)
,`assigned_staff` varchar(100)
);

-- --------------------------------------------------------

--
-- Table structure for table `incident_logs`
--

CREATE TABLE `incident_logs` (
  `id` int(11) NOT NULL,
  `incident_id` int(11) DEFAULT NULL,
  `user_id` int(11) DEFAULT NULL,
  `action` text DEFAULT NULL,
  `created_at` timestamp NOT NULL DEFAULT current_timestamp()
) ENGINE=InnoDB DEFAULT CHARSET=utf8mb4 COLLATE=utf8mb4_general_ci;

--
-- Dumping data for table `incident_logs`
--

INSERT INTO `incident_logs` (`id`, `incident_id`, `user_id`, `action`, `created_at`) VALUES
(1, 1, 56, 'Incident reported by User ID: 56', '2025-06-17 04:57:55'),
(2, 1, 50, 'Assigned to IT Staff (User ID: Eleni Zerihun)', '2025-06-17 04:59:23'),
(3, 1, 4, 'Status changed to fixed', '2025-06-17 05:03:18'),
(4, NULL, 47, 'Reset password for user ID 1', '2025-06-17 07:37:39'),
(5, NULL, 50, 'Reset password for user ID 46', '2025-06-17 07:42:36'),
(6, 2, 46, 'Incident reported by User ID: 46', '2025-06-17 07:45:58'),
(7, NULL, 47, 'Reset password for user ID 3', '2025-06-17 07:45:59'),
(8, 2, 47, 'Assigned to IT Staff (User ID: Eleni Zerihun)', '2025-06-17 07:46:31'),
(9, 2, 4, 'Status changed to fixed', '2025-06-17 07:50:36'),
(10, 3, 57, 'Incident reported by User ID: 57', '2025-06-17 07:51:27'),
(11, 3, 61, 'Assigned to IT Staff (User ID: Mengistu Ferdie)', '2025-06-17 07:55:03'),
(12, 3, 3, 'Status changed to pending', '2025-06-17 07:56:18'),
(13, 3, 3, 'Status changed to fixed', '2025-06-17 07:56:56'),
(14, 4, 52, 'Incident reported by User ID: 52', '2025-06-17 08:10:16'),
(15, 4, 50, 'Assigned to IT Staff (User ID: Eleni Zerihun)', '2025-06-17 08:10:39'),
(16, 4, 4, 'Status changed to fixed', '2025-06-17 08:11:05'),
(17, 5, 57, 'Incident reported by User ID: 57', '2025-06-17 08:54:59'),
(18, 5, 50, 'Assigned to IT Staff (User ID: Eleni Zerihun)', '2025-06-17 08:56:08'),
(19, 5, 4, 'Status changed to fixed', '2025-06-17 08:56:32'),
(20, 6, 59, 'Incident reported by User ID: 59', '2025-06-18 04:10:28'),
(21, 7, 59, 'Incident reported by User ID: 59', '2025-06-18 04:11:15'),
(22, 8, 59, 'Incident reported by User ID: 59', '2025-06-18 04:13:08'),
(23, 9, 59, 'Incident reported by User ID: 59', '2025-06-18 04:14:05'),
(24, 10, 59, 'Incident reported by User ID: 59', '2025-06-18 04:15:13'),
(25, 10, 1, 'Assigned to IT Staff (User ID: Mikiyas Wondimu)', '2025-06-18 04:16:19'),
(26, 9, 1, 'Assigned to IT Staff (User ID: Mikiyas Wondimu)', '2025-06-18 04:16:27'),
(27, 8, 1, 'Assigned to IT Staff (User ID: Mikiyas Wondimu)', '2025-06-18 04:16:29'),
(28, 7, 1, 'Assigned to IT Staff (User ID: Mikiyas Wondimu)', '2025-06-18 04:16:32'),
(29, 6, 1, 'Assigned to IT Staff (User ID: Mikiyas Wondimu)', '2025-06-18 04:16:35'),
(30, NULL, 1, 'Reset password for user ID 57', '2025-06-18 04:21:54'),
(31, 11, 57, 'Incident reported by User ID: 57', '2025-06-18 04:23:36'),
(32, 12, 51, 'Incident reported by User ID: 51', '2025-06-18 04:26:12'),
(33, 13, 53, 'Incident reported by User ID: 53', '2025-06-18 04:26:29'),
(34, 14, 53, 'Incident reported by User ID: 53', '2025-06-18 04:27:46'),
(35, 14, 1, 'Assigned to IT Staff (User ID: Mikiyas Wondimu)', '2025-06-18 04:28:02'),
(36, 13, 1, 'Assigned to IT Staff (User ID: Mikiyas Wondimu)', '2025-06-18 04:28:05'),
(37, 12, 1, 'Assigned to IT Staff (User ID: Mikiyas Wondimu)', '2025-06-18 04:28:07'),
(38, 11, 1, 'Assigned to IT Staff (User ID: Mikiyas Wondimu)', '2025-06-18 04:28:09'),
(39, 15, 51, 'Incident reported by User ID: 51', '2025-06-18 04:29:15'),
(40, 15, 61, 'Status updated to \'pending\'', '2025-06-18 04:30:22'),
(41, 15, 61, 'Status updated to \'rejected\'', '2025-06-18 04:30:54'),
(42, 16, 51, 'Incident reported by User ID: 51', '2025-06-18 04:33:45'),
(43, 16, 61, 'Assigned to IT Staff (User ID: Mengistu Ferdie)', '2025-06-18 04:34:26'),
(44, 16, 3, 'Status changed to fixed', '2025-06-18 04:36:24'),
(45, 16, 3, 'Status changed to fixed', '2025-06-18 04:36:49'),
(46, 11, 62, 'Status changed to fixed', '2025-06-18 05:24:27'),
(47, 12, 1, 'Assigned to IT Staff (Mengistu Ferdie)', '2025-06-18 05:37:52'),
(48, 12, 1, 'Assigned to IT Staff (Yehuwalashet Yitagesu)', '2025-06-18 05:37:57'),
(49, NULL, 47, 'Reset password for user ID 2', '2025-06-18 08:45:27'),
(50, 12, 2, 'Status changed to pending', '2025-06-18 08:51:09'),
(51, 12, 2, 'Status changed to fixed', '2025-06-18 08:51:36'),
(52, 17, 29, 'Incident reported by User ID: 29', '2025-06-18 09:31:08'),
(53, 17, 63, 'Assigned to IT Staff (User ID: Yehuwalashet Yitagesu)', '2025-06-18 09:39:46'),
(54, 18, 49, 'Incident reported by User ID: 49', '2025-06-18 09:58:56'),
(55, 18, 63, 'Assigned to IT Staff (User ID: Yehuwalashet Yitagesu)', '2025-06-18 09:59:33'),
(56, 17, 2, 'Status changed to fixed', '2025-06-18 10:00:23'),
(57, 18, 2, 'Status changed to fixed', '2025-06-18 10:01:47'),
(58, 19, 59, 'Incident reported by User ID: 59', '2025-06-18 10:18:04'),
(59, 19, 50, 'Assigned to IT Staff (User ID: Eleni Zerihun)', '2025-06-18 10:19:04'),
(60, 19, 4, 'Status changed to fixed', '2025-06-18 10:19:56'),
(61, NULL, 47, 'Reset password for user ID 49', '2025-06-18 10:22:31'),
(62, 20, 49, 'Incident reported by User ID: 49', '2025-06-18 10:26:49'),
(63, 20, 50, 'Assigned to IT Staff (User ID: Eleni Zerihun)', '2025-06-18 10:27:13'),
(64, 20, 4, 'Status changed to fixed', '2025-06-18 10:27:38'),
(65, 21, 9, 'Incident reported by User ID: 9', '2025-06-18 10:54:43'),
(66, 21, 50, 'Assigned to IT Staff (User ID: Eleni Zerihun)', '2025-06-18 10:55:01'),
(67, 21, 4, 'Status changed to fixed', '2025-06-18 10:55:19'),
(68, 22, 59, 'Incident reported by User ID: 59', '2025-06-19 02:54:57'),
(69, 23, 59, 'Incident reported by User ID: 59', '2025-06-19 02:58:12'),
(70, 24, 59, 'Incident reported by User ID: 59', '2025-06-19 02:59:31'),
(71, 25, 59, 'Incident reported by User ID: 59', '2025-06-19 03:00:28'),
(72, 25, 1, 'Assigned to IT Staff (User ID: Mikiyas Wondimu)', '2025-06-19 03:01:00'),
(73, 24, 1, 'Assigned to IT Staff (User ID: Mikiyas Wondimu)', '2025-06-19 03:01:24'),
(74, 23, 1, 'Assigned to IT Staff (User ID: Mikiyas Wondimu)', '2025-06-19 03:01:27'),
(75, 22, 1, 'Assigned to IT Staff (User ID: Mikiyas Wondimu)', '2025-06-19 03:01:31'),
(76, 25, 62, 'Status changed to fixed', '2025-06-19 04:37:12'),
(77, 26, 46, 'Incident reported by User ID: 46', '2025-06-19 04:51:09'),
(78, 26, 61, 'Assigned to IT Staff (User ID: Mengistu Ferdie)', '2025-06-19 04:51:50'),
(79, 26, 3, 'Status changed to fixed', '2025-06-19 04:52:16'),
(80, 27, 49, 'Incident reported by User ID: 49', '2025-06-19 05:32:06'),
(81, 27, 50, 'Assigned to IT Staff (User ID: Eleni Zerihun)', '2025-06-19 05:32:42'),
(82, 27, 4, 'Status changed to fixed', '2025-06-19 05:33:19'),
(83, 24, 62, 'Status changed to pending', '2025-06-19 07:18:09'),
(84, 23, 62, 'Status changed to pending', '2025-06-19 07:18:25'),
(85, 22, 62, 'Status changed to pending', '2025-06-19 07:18:29'),
(86, 14, 62, 'Status changed to pending', '2025-06-19 07:18:32'),
(87, 13, 62, 'Status changed to pending', '2025-06-19 07:18:38'),
(88, 24, 62, 'Status changed to pending', '2025-06-19 07:18:41'),
(89, 10, 62, 'Status changed to pending', '2025-06-19 07:18:48'),
(90, 9, 62, 'Status changed to pending', '2025-06-19 07:19:06'),
(91, 8, 62, 'Status changed to pending', '2025-06-19 07:19:21'),
(92, 7, 62, 'Status changed to pending', '2025-06-19 07:19:25'),
(93, 6, 62, 'Status changed to pending', '2025-06-19 07:19:30'),
(94, 28, 25, 'Incident reported by User ID: 25', '2025-06-19 07:45:59'),
(95, 28, 50, 'Assigned to IT Staff (User ID: Eleni Zerihun)', '2025-06-19 07:46:29'),
(96, 28, 4, 'Status changed to fixed', '2025-06-19 07:47:26'),
(97, 29, 14, 'Incident reported by User ID: 14', '2025-06-19 13:41:40'),
(98, 29, 5, 'Status changed to support by Aaron Tamirat', '2025-06-19 13:51:09'),
(99, 29, 47, 'Assigned to IT Staff (User ID: Aaron Tamirat)', '2025-06-19 13:51:58'),
(100, 29, 5, 'Status changed to fixed by Aaron Tamirat', '2025-06-19 13:54:34'),
(101, 30, 22, 'Incident reported by User ID: 22', '2025-06-21 05:42:41'),
(102, 31, 19, 'Incident reported by User ID: 19', '2025-06-21 05:44:17'),
(103, 35, 61, 'Assigned to IT Staff (User ID: Mengistu Ferdie)', '2025-06-21 06:05:27'),
(104, 15, 61, 'Assigned to IT Staff (User ID: Mengistu Ferdie)', '2025-06-21 06:06:15'),
(105, 32, 61, 'Assigned to IT Staff (User ID: Mengistu Ferdie)', '2025-06-21 06:06:36'),
(106, 35, 3, 'Status changed to fixed by Mengistu Ferdie', '2025-06-21 06:07:42'),
(107, 32, 3, 'Status changed to fixed by Mengistu Ferdie', '2025-06-21 06:08:10'),
(108, 31, 3, 'Status changed to fixed by Mengistu Ferdie', '2025-06-21 06:08:30'),
(109, 30, 3, 'Status changed to fixed by Mengistu Ferdie', '2025-06-21 06:09:03'),
(110, 15, 3, 'Status changed to fixed by Mengistu Ferdie', '2025-06-21 06:09:36'),
(111, 37, 56, 'Incident reported by User ID: 56', '2025-06-21 06:15:06'),
(112, 29, 5, 'Status changed to fixed by Aaron Tamirat', '2025-06-21 07:12:31'),
(113, 29, 5, 'Status changed to fixed by Aaron Tamirat', '2025-06-21 07:14:14'),
(114, 29, 5, 'Status changed to fixed by Aaron Tamirat', '2025-06-21 07:17:43'),
(115, 29, 5, 'Status changed to fixed by Aaron Tamirat', '2025-06-21 07:17:52'),
(116, 38, 59, 'Incident reported by User ID: 59', '2025-06-21 07:57:42'),
(117, 38, 1, 'Assigned to IT Staff (Mikiyas Wondimu)', '2025-06-21 07:58:17'),
(118, 39, 59, 'Incident reported by User ID: 59', '2025-06-21 07:59:20'),
(119, 39, 1, 'Assigned to IT Staff (Mikiyas Wondimu)', '2025-06-21 07:59:49'),
(120, 39, 1, 'Assigned to IT Staff (Mikiyas Wondimu)', '2025-06-21 07:59:57'),
(121, 40, 59, 'Incident reported by User ID: 59', '2025-06-21 08:02:11'),
(122, 40, 1, 'Assigned to IT Staff (Mikiyas Wondimu)', '2025-06-21 08:02:29'),
(123, 29, 5, 'Status changed to fixed by Aaron Tamirat', '2025-06-21 08:18:12'),
(124, 29, 5, 'Status changed to not fixed by Aaron Tamirat', '2025-06-21 08:18:51'),
(125, 29, 5, 'Status changed to fixed by Aaron Tamirat', '2025-06-21 08:18:58'),
(126, 41, 44, 'Incident reported by User ID: 44', '2025-06-21 08:20:41'),
(127, 41, 5, 'Status changed to fixed by Aaron Tamirat', '2025-06-21 08:21:07'),
(128, 41, 5, 'Status changed to fixed by Aaron Tamirat', '2025-06-21 08:27:00'),
(129, 29, 5, 'Status changed to fixed by Aaron Tamirat', '2025-06-21 08:27:26'),
(130, 42, 49, 'Incident reported by User ID: 49', '2025-06-21 08:32:06'),
(131, 40, 62, 'Status changed to pending by Mikiyas Wondimu', '2025-06-21 08:34:41'),
(132, 39, 62, 'Status changed to pending by Mikiyas Wondimu', '2025-06-21 08:34:59'),
(133, 38, 62, 'Status changed to pending by Mikiyas Wondimu', '2025-06-21 08:35:04'),
(134, 42, 4, 'Status changed to fixed by Eleni Zerihun', '2025-06-21 08:38:04'),
(135, 43, 28, 'Incident reported by User ID: 28', '2025-06-21 08:45:18'),
(136, 43, 4, 'Status changed to fixed by Eleni Zerihun', '2025-06-21 08:46:02'),
(137, 44, 13, 'Incident reported by User ID: 13', '2025-06-23 10:17:37'),
(138, 44, 3, 'Status changed to fixed by Mengistu Ferdie', '2025-06-23 10:18:26'),
(139, 45, 52, 'Incident reported by User ID: 52', '2025-06-23 10:43:54'),
(140, 45, 5, 'Status changed to fixed by Aaron Tamirat', '2025-06-23 10:49:40'),
(141, 46, 57, 'Incident reported by User ID: 57', '2025-06-23 11:38:21'),
(142, 46, 3, 'Status changed to fixed by Mengistu Ferdie', '2025-06-23 11:39:06'),
(143, 47, 18, 'Incident reported by User ID: 18', '2025-06-23 11:45:07'),
(144, 47, 4, 'Status changed to fixed by Eleni Zerihun', '2025-06-23 11:46:51'),
(145, 48, 57, 'Incident reported by User ID: 57', '2025-06-23 11:51:52'),
(146, 48, 3, 'Status changed to fixed by Mengistu Ferdie', '2025-06-23 11:53:59'),
(147, 49, 49, 'Incident reported by User ID: 49', '2025-06-23 12:17:56'),
(148, 49, 4, 'Status changed to fixed by Eleni Zerihun', '2025-06-23 12:22:01'),
(149, 50, 9, 'Incident reported by User ID: 9', '2025-06-23 12:33:43'),
(150, 50, 4, 'Status changed to fixed by Eleni Zerihun', '2025-06-23 12:36:55'),
(151, 51, 32, 'Incident reported by User ID: 32', '2025-06-24 07:08:56'),
(152, 51, 5, 'Status changed to fixed by Aaron Tamirat', '2025-06-24 07:10:30'),
(153, 52, 13, 'Incident reported by User ID: 13', '2025-06-24 08:22:55'),
(154, 52, 3, 'Status changed to support by Mengistu Ferdie', '2025-06-24 08:24:29'),
(155, 53, 46, 'Incident reported by User ID: 46', '2025-06-24 10:40:50'),
(156, 53, 5, 'Status changed to fixed by Aaron Tamirat', '2025-06-24 10:41:32'),
(157, 54, 47, 'Assigned to IT Staff (User ID: Aaron Tamirat)', '2025-06-24 13:38:35'),
(158, 54, 5, 'Status changed to fixed by Aaron Tamirat', '2025-06-24 13:39:47'),
(159, 55, 52, 'Incident reported by User ID: 52', '2025-06-25 07:37:59'),
(160, 55, 5, 'Status changed to fixed by Aaron Tamirat', '2025-06-25 07:39:22'),
(161, 56, 54, 'Incident reported by User ID: 54', '2025-06-25 07:43:00'),
(162, 56, 4, 'Status changed to fixed by Eleni Zerihun', '2025-06-25 07:46:42'),
(163, 57, 57, 'Incident reported by User ID: 57', '2025-06-25 11:40:20'),
(164, 57, 3, 'Status changed to fixed by Mengistu Ferdie', '2025-06-25 11:41:57'),
(165, 58, 49, 'Incident reported by User ID: 49', '2025-06-25 11:57:05'),
(166, 58, 4, 'Status changed to fixed by Eleni Zerihun', '2025-06-25 11:59:05'),
(167, 59, 59, 'Incident reported by User ID: 59', '2025-06-25 12:15:12'),
(168, 59, 50, 'Assigned to IT Staff (Eleni Zerihun)', '2025-06-25 12:15:36'),
(169, 59, 4, 'Status changed to fixed by Eleni Zerihun', '2025-06-25 12:18:00'),
(170, 60, 34, 'Incident reported by User ID: 34', '2025-06-25 13:38:58'),
(171, 60, 4, 'Status changed to fixed by Eleni Zerihun', '2025-06-25 13:39:33'),
(172, 22, 62, 'Status changed to fixed by Mikiyas Wondimu', '2025-06-26 08:04:11'),
(173, 61, 19, 'Incident reported by User ID: 19', '2025-06-26 08:52:57'),
(174, 61, 3, 'Status changed to fixed by Mengistu Ferdie', '2025-06-26 08:53:53'),
(175, 61, 3, 'Status changed to fixed by Mengistu Ferdie', '2025-06-26 08:55:01'),
(176, 62, 29, 'Incident reported by User ID: 29', '2025-06-26 11:30:30'),
(177, 62, 2, 'Status changed to pending by Yehuwalashet Yitagesu', '2025-06-26 11:35:39'),
(178, 63, 59, 'Incident reported by User ID: 59', '2025-06-26 12:22:22'),
(179, 64, 59, 'Incident reported by User ID: 59', '2025-06-26 12:26:04'),
(180, 63, 2, 'Status changed to fixed by Yehuwalashet Yitagesu', '2025-06-26 12:37:13'),
(181, 63, 2, 'Status changed to pending by Yehuwalashet Yitagesu', '2025-06-26 12:38:14'),
(182, 62, 2, 'Status changed to fixed by Yehuwalashet Yitagesu', '2025-06-26 12:39:03'),
(183, 62, 2, 'Status changed to fixed by Yehuwalashet Yitagesu', '2025-06-26 12:39:44'),
(184, NULL, 50, 'Reset password for user ID 63', '2025-06-26 12:44:08'),
(185, 64, 63, 'Assigned to IT Staff (Mikiyas Wondimu)', '2025-06-26 12:48:42'),
(186, 63, 63, 'Assigned to IT Staff (Mikiyas Wondimu)', '2025-06-26 12:49:12'),
(187, 65, 54, 'Incident reported by User ID: 54', '2025-06-26 13:05:39'),
(188, 65, 4, 'Status changed to fixed by Eleni Zerihun', '2025-06-26 13:06:15'),
(189, 66, 12, 'Incident reported by User ID: 12', '2025-06-26 13:19:43'),
(190, 67, 57, 'Incident reported by User ID: 57', '2025-06-26 13:26:19'),
(191, 67, 3, 'Status changed to fixed by Mengistu Ferdie', '2025-06-26 13:27:03'),
(192, NULL, 1, 'Reset password for user ID 62', '2025-06-26 13:32:35'),
(193, 64, 62, 'Status changed to fixed by Mikiyas Wondimu', '2025-06-26 13:34:20'),
(194, 52, 47, 'Assigned to IT Staff (User ID: Aaron Tamirat)', '2025-06-26 13:48:13'),
(195, 52, 5, 'Status changed to fixed by Aaron Tamirat', '2025-06-26 13:50:44'),
(196, 63, 62, 'Status changed to pending by Mikiyas Wondimu', '2025-06-27 06:00:30'),
(197, 66, 4, 'Status changed to fixed by Eleni Zerihun', '2025-06-27 06:03:32'),
(198, 68, 12, 'Incident reported by User ID: 12', '2025-06-27 06:04:53'),
(199, 68, 4, 'Status changed to fixed by Eleni Zerihun', '2025-06-27 06:05:34'),
(200, 69, 9, 'Incident reported by User ID: 9', '2025-06-27 06:31:51'),
(201, 69, 4, 'Status changed to fixed by Eleni Zerihun', '2025-06-27 06:32:32'),
(202, 70, 10, 'Incident reported by User ID: 10', '2025-06-27 07:56:15'),
(203, 70, 5, 'Status changed to fixed by Aaron Tamirat', '2025-06-27 07:58:34'),
(204, 71, 59, 'Incident reported by User ID: 59', '2025-06-27 08:26:31'),
(205, 72, 59, 'Incident reported by User ID: 59', '2025-06-27 08:31:29'),
(206, 72, 1, 'Assigned to IT Staff (Mikiyas Wondimu)', '2025-06-27 08:50:52'),
(207, 72, 1, 'Assigned to IT Staff (Mikiyas Wondimu)', '2025-06-27 08:50:55'),
(208, 71, 1, 'Assigned to IT Staff (Mikiyas Wondimu)', '2025-06-27 08:51:04'),
(209, 72, 62, 'Status changed to pending by Mikiyas Wondimu', '2025-06-27 10:20:08'),
(210, 71, 62, 'Status changed to pending by Mikiyas Wondimu', '2025-06-27 10:20:18'),
(211, 73, 22, 'Incident reported by User ID: 22', '2025-06-27 12:27:07'),
(212, 73, 3, 'Status changed to fixed by Mengistu Ferdie', '2025-06-27 12:30:58'),
(213, 74, 19, 'Incident reported by User ID: 19', '2025-06-27 12:32:44'),
(214, 74, 3, 'Status changed to fixed by Mengistu Ferdie', '2025-06-27 12:33:30'),
(215, 75, 57, 'Incident reported by User ID: 57', '2025-06-27 12:52:16'),
(216, 75, 61, 'Assigned to IT Staff (Mengistu Ferdie)', '2025-06-27 12:55:05'),
(217, 75, 3, 'Status changed to fixed by Mengistu Ferdie', '2025-06-27 12:56:24'),
(218, 72, 62, 'Status changed to fixed by Mikiyas Wondimu', '2025-06-28 05:29:16'),
(219, 9, 62, 'Status changed to fixed by Mikiyas Wondimu', '2025-06-28 05:55:46'),
(220, 76, 34, 'Incident reported by User ID: 34', '2025-06-28 07:39:08'),
(221, 76, 4, 'Status changed to fixed by Eleni Zerihun', '2025-06-28 07:40:03'),
(222, 77, 54, 'Incident reported by User ID: 54', '2025-06-28 07:41:27'),
(223, 77, 4, 'Status changed to fixed by Eleni Zerihun', '2025-06-28 07:42:47'),
(224, 63, 62, 'Status changed to fixed by Mikiyas Wondimu', '2025-06-28 12:16:34'),
(225, 38, 62, 'Status changed to fixed by Mikiyas Wondimu', '2025-06-28 12:17:09'),
(226, 10, 62, 'Status changed to fixed by Mikiyas Wondimu', '2025-06-28 13:02:53'),
(227, 23, 62, 'Status changed to fixed by Mikiyas Wondimu', '2025-06-28 13:24:16'),
(228, 71, 62, 'Status changed to pending by Mikiyas Wondimu', '2025-06-28 14:07:33'),
(229, 71, 62, 'Status changed to fixed by Mikiyas Wondimu', '2025-06-28 14:07:55'),
(230, 8, 62, 'Status changed to not fixed by Mikiyas Wondimu', '2025-06-28 14:08:47'),
(231, 8, 62, 'Status changed to not fixed by Mikiyas Wondimu', '2025-06-28 14:09:29'),
(232, 8, 62, 'Status changed to fixed by Mikiyas Wondimu', '2025-06-28 14:10:43'),
(233, 40, 62, 'Status changed to pending by Mikiyas Wondimu', '2025-06-28 14:23:39'),
(234, 40, 62, 'Status changed to fixed by Mikiyas Wondimu', '2025-06-28 14:24:27'),
(235, 13, 62, 'Status changed to not fixed by Mikiyas Wondimu', '2025-06-28 14:24:47'),
(236, 13, 62, 'Status changed to fixed by Mikiyas Wondimu', '2025-06-30 05:47:53'),
(237, 71, 62, 'Status changed to fixed by Mikiyas Wondimu', '2025-06-30 05:58:40'),
(238, 78, 54, 'Incident reported by User ID: 54', '2025-06-30 06:19:51'),
(239, 78, 4, 'Status changed to fixed by Eleni Zerihun', '2025-06-30 06:21:11'),
(240, 79, 54, 'Incident reported by User ID: 54', '2025-06-30 08:20:39'),
(241, 79, 4, 'Status changed to fixed by Eleni Zerihun', '2025-06-30 08:23:17'),
(242, 80, 12, 'Incident reported by User ID: 12', '2025-06-30 08:24:01'),
(243, 80, 4, 'Status changed to fixed by Eleni Zerihun', '2025-06-30 08:24:30'),
(244, 81, 21, 'Incident reported by User ID: 21', '2025-06-30 08:27:08'),
(245, 81, 4, 'Status changed to fixed by Eleni Zerihun', '2025-06-30 08:27:41'),
(246, 82, 19, 'Incident reported by User ID: 19', '2025-07-01 08:09:01'),
(247, 84, 25, 'Incident reported by User ID: 25', '2025-07-01 08:33:38'),
(248, 84, 4, 'Status changed to fixed by Eleni Zerihun', '2025-07-01 08:34:26'),
(249, 83, 61, 'Assigned to IT Staff (User ID: Mengistu Ferdie)', '2025-07-01 08:50:20'),
(250, 82, 3, 'Status changed to fixed by Mengistu Ferdie', '2025-07-01 12:00:21'),
(251, 85, 27, 'Incident reported by User ID: 27', '2025-07-01 13:36:18'),
(252, 85, 5, 'Status changed to fixed by Aaron Tamirat', '2025-07-01 13:38:01'),
(253, 86, 27, 'Incident reported by User ID: 27', '2025-07-01 13:40:12'),
(254, 86, 5, 'Status changed to fixed by Aaron Tamirat', '2025-07-01 13:41:38'),
(255, 87, 25, 'Incident reported by User ID: 25', '2025-07-02 06:41:36'),
(256, 87, 4, 'Status changed to fixed by Eleni Zerihun', '2025-07-02 06:43:09'),
(257, 88, 27, 'Incident reported by User ID: 27', '2025-07-02 08:15:52'),
(258, 88, 5, 'Status changed to fixed by Aaron Tamirat', '2025-07-02 08:16:54'),
(259, 89, 64, 'Incident reported by User ID: 64', '2025-07-02 11:52:18'),
(260, 89, 50, 'Assigned to IT Staff (User ID: Eleni Zerihun)', '2025-07-02 11:52:52'),
(261, 89, 4, 'Status changed to fixed by Eleni Zerihun', '2025-07-02 11:53:42'),
(262, 90, 34, 'Incident reported by User ID: 34', '2025-07-02 11:57:56'),
(263, 90, 4, 'Status changed to fixed by Eleni Zerihun', '2025-07-02 11:58:32'),
(264, 91, 25, 'Incident reported by User ID: 25', '2025-07-02 13:10:58'),
(265, 91, 4, 'Status changed to fixed by Eleni Zerihun', '2025-07-02 13:11:37'),
(266, 92, 22, 'Incident reported by User ID: 22', '2025-07-03 06:17:37'),
(267, 92, 3, 'Status changed to fixed by Mengistu Ferdie', '2025-07-03 06:19:10'),
(268, 93, 9, 'Incident reported by User ID: 9', '2025-07-03 07:44:33'),
(269, 93, 4, 'Status changed to fixed by Eleni Zerihun', '2025-07-03 07:45:16'),
(270, 94, 46, 'Incident reported by User ID: 46', '2025-07-03 07:49:01'),
(271, 94, 50, 'Assigned to IT Staff (User ID: Eleni Zerihun)', '2025-07-03 07:49:31'),
(272, 94, 4, 'Status changed to fixed by Eleni Zerihun', '2025-07-03 07:50:08'),
(273, 95, 46, 'Incident reported by User ID: 46', '2025-07-04 06:50:03'),
(274, 95, 47, 'Assigned to IT Staff (User ID: Aaron Tamirat)', '2025-07-04 06:53:04'),
(275, 95, 5, 'Status changed to fixed by Aaron Tamirat', '2025-07-04 06:54:21'),
(276, 96, 22, 'Incident reported by User ID: 22', '2025-07-04 07:46:50'),
(277, 96, 3, 'Status changed to fixed by Mengistu Ferdie', '2025-07-04 07:47:59'),
(278, 97, 57, 'Incident reported by User ID: 57', '2025-07-04 07:55:59'),
(279, 97, 3, 'Status changed to fixed by Mengistu Ferdie', '2025-07-04 07:57:28'),
(280, 98, 15, 'Incident reported by User ID: 15', '2025-07-04 08:13:26'),
(281, 98, 50, 'Assigned to IT Staff (Eleni Zerihun)', '2025-07-04 08:15:06'),
(282, 98, 4, 'Status changed to fixed by Eleni Zerihun', '2025-07-04 08:15:40'),
(283, 99, 25, 'Incident reported by User ID: 25', '2025-07-04 08:45:42'),
(284, 99, 4, 'Status changed to fixed by Eleni Zerihun', '2025-07-04 08:47:59'),
(285, 100, 13, 'Incident reported by User ID: 13', '2025-07-04 11:27:54'),
(286, 100, 3, 'Status changed to fixed by Mengistu Ferdie', '2025-07-04 11:29:22'),
(287, 101, 21, 'Incident reported by User ID: 21', '2025-07-04 11:48:16'),
(288, 101, 4, 'Status changed to fixed by Eleni Zerihun', '2025-07-04 11:49:51'),
(289, 102, 64, 'Incident reported by User ID: 64', '2025-07-04 12:31:15'),
(290, 102, 50, 'Assigned to IT Staff (User ID: Eleni Zerihun)', '2025-07-04 12:31:32'),
(291, 102, 4, 'Status changed to fixed by Eleni Zerihun', '2025-07-04 12:31:59'),
(292, 103, 46, 'Incident reported by User ID: 46', '2025-07-05 05:50:46'),
(293, 103, 5, 'Status changed to fixed by Aaron Tamirat', '2025-07-05 05:53:45'),
(294, 104, 22, 'Incident reported by User ID: 22', '2025-07-05 07:18:38'),
(295, 104, 3, 'Status changed to fixed by Mengistu Ferdie', '2025-07-05 07:19:09'),
(296, 105, 13, 'Incident reported by User ID: 13', '2025-07-05 07:21:34'),
(297, 105, 3, 'Status changed to fixed by Mengistu Ferdie', '2025-07-05 07:22:20'),
(298, 106, 10, 'Incident reported by User ID: 10', '2025-07-07 06:31:53'),
(299, 106, 5, 'Status changed to fixed by Aaron Tamirat', '2025-07-07 06:32:52'),
(300, 107, 7, 'Incident reported by User ID: 7', '2025-07-07 07:19:24'),
(301, 107, 3, 'Status changed to fixed by Mengistu Ferdie', '2025-07-07 07:20:48'),
(302, 107, 3, 'Status changed to fixed by Mengistu Ferdie', '2025-07-07 07:20:48'),
(303, 108, 19, 'Incident reported by User ID: 19', '2025-07-07 07:22:09'),
(304, 108, 3, 'Status changed to fixed by Mengistu Ferdie', '2025-07-07 07:23:01'),
(305, 109, 11, 'Incident reported by User ID: 11', '2025-07-07 12:00:14'),
(306, 109, 3, 'Status changed to pending by Mengistu Ferdie', '2025-07-07 12:01:13'),
(307, 109, 3, 'Status changed to fixed by Mengistu Ferdie', '2025-07-07 12:01:45'),
(308, 110, 8, 'Incident reported by User ID: 8', '2025-07-07 12:03:04'),
(309, 110, 5, 'Status changed to fixed by Aaron Tamirat', '2025-07-07 12:07:43'),
(310, 111, 59, 'Incident reported by User ID: 59', '2025-07-07 12:47:49'),
(311, 112, 59, 'Incident reported by User ID: 59', '2025-07-07 13:02:20'),
(312, 112, 1, 'Assigned to IT Staff (Mikiyas Wondimu)', '2025-07-07 13:03:03'),
(313, 112, 1, 'Assigned to IT Staff (Mikiyas Wondimu)', '2025-07-07 13:03:06'),
(314, 111, 1, 'Assigned to IT Staff (Mikiyas Wondimu)', '2025-07-07 13:03:22'),
(315, 113, 27, 'Incident reported by User ID: 27', '2025-07-08 10:45:51'),
(316, 113, 5, 'Status changed to fixed by Aaron Tamirat', '2025-07-08 10:46:39'),
(317, 114, 54, 'Incident reported by User ID: 54', '2025-07-08 12:24:16'),
(318, 114, 4, 'Status changed to fixed by Eleni Zerihun', '2025-07-08 12:31:21'),
(319, 115, 16, 'Incident reported by User ID: 16', '2025-07-08 12:33:27'),
(320, 115, 4, 'Status changed to fixed by Eleni Zerihun', '2025-07-08 12:34:05'),
(321, 116, 22, 'Incident reported by User ID: 22', '2025-07-08 12:37:08'),
(322, 116, 3, 'Status changed to fixed by Mengistu Ferdie', '2025-07-08 12:37:55'),
(323, 117, 38, 'Incident reported by User ID: 38', '2025-07-08 13:05:15'),
(324, 117, 4, 'Status changed to fixed by Eleni Zerihun', '2025-07-08 13:07:49'),
(325, 112, 62, 'Status changed to pending by Mikiyas Wondimu', '2025-07-08 13:23:41'),
(326, 111, 62, 'Status changed to pending by Mikiyas Wondimu', '2025-07-08 13:23:48'),
(327, 13, 1, 'Status updated to \'pending\'', '2025-07-09 06:04:13'),
(328, 118, 22, 'Incident reported by User ID: 22', '2025-07-09 06:35:48'),
(329, 119, 22, 'Incident reported by User ID: 22', '2025-07-09 06:39:08'),
(330, 119, 3, 'Status changed to fixed by Mengistu Ferdie', '2025-07-09 06:40:55'),
(331, 118, 3, 'Status changed to fixed by Mengistu Ferdie', '2025-07-09 06:42:13'),
(332, 119, 3, 'Status changed to fixed by Mengistu Ferdie', '2025-07-09 06:44:01'),
(333, 120, 32, 'Incident reported by User ID: 32', '2025-07-09 08:02:17'),
(334, 120, 5, 'Status changed to fixed by Aaron Tamirat', '2025-07-09 08:02:51'),
(335, 121, 27, 'Incident reported by User ID: 27', '2025-07-09 08:03:41'),
(336, 121, 5, 'Status changed to fixed by Aaron Tamirat', '2025-07-09 08:04:06'),
(337, 122, 22, 'Incident reported by User ID: 22', '2025-07-10 08:00:53'),
(338, 122, 3, 'Status changed to fixed by Mengistu Ferdie', '2025-07-10 08:01:29'),
(339, 123, 23, 'Incident reported by User ID: 23', '2025-07-10 08:08:00'),
(340, 123, 5, 'Status changed to fixed by Aaron Tamirat', '2025-07-10 08:09:16'),
(341, 124, 25, 'Incident reported by User ID: 25', '2025-07-10 10:58:34'),
(342, 124, 4, 'Status changed to fixed by Eleni Zerihun', '2025-07-10 10:59:05'),
(343, 125, 49, 'Incident reported by User ID: 49', '2025-07-11 08:02:43'),
(344, 125, 4, 'Status changed to fixed by Eleni Zerihun', '2025-07-11 08:03:48'),
(345, 126, 59, 'Incident reported by User ID: 59', '2025-07-11 13:27:49'),
(346, 127, 24, 'Incident reported by User ID: 24', '2025-07-11 13:28:27'),
(347, 127, 3, 'Status changed to fixed by Mengistu Ferdie', '2025-07-11 13:29:19'),
(348, 128, 59, 'Incident reported by User ID: 59', '2025-07-11 13:29:26'),
(349, 129, 54, 'Incident reported by User ID: 54', '2025-07-11 13:42:28'),
(350, 129, 4, 'Status changed to fixed by Eleni Zerihun', '2025-07-11 13:43:24'),
(351, 130, 59, 'Incident reported by User ID: 59', '2025-07-11 14:01:12'),
(352, 131, 59, 'Incident reported by User ID: 59', '2025-07-11 14:04:35'),
(353, 131, 1, 'Assigned to IT Staff (Mikiyas Wondimu)', '2025-07-12 06:03:32'),
(354, 130, 1, 'Assigned to IT Staff (Mikiyas Wondimu)', '2025-07-12 06:03:48'),
(355, 128, 1, 'Assigned to IT Staff (Mikiyas Wondimu)', '2025-07-12 06:04:03'),
(356, 126, 1, 'Assigned to IT Staff (Mikiyas Wondimu)', '2025-07-12 06:04:16'),
(357, 131, 1, 'Status updated to \'pending\'', '2025-07-12 06:05:31'),
(358, 131, 1, 'Assigned to IT Staff (User ID: Mikiyas Wondimu)', '2025-07-12 06:05:39'),
(359, 131, 62, 'Status changed to pending by Mikiyas Wondimu', '2025-07-12 14:25:48'),
(360, 130, 62, 'Status changed to pending by Mikiyas Wondimu', '2025-07-12 14:25:58'),
(361, 128, 62, 'Status changed to pending by Mikiyas Wondimu', '2025-07-12 14:26:05'),
(362, 126, 62, 'Status changed to pending by Mikiyas Wondimu', '2025-07-12 14:26:14'),
(363, 132, 28, 'Incident reported by User ID: 28', '2025-07-14 08:25:28'),
(364, 132, 4, 'Status changed to fixed by Eleni Zerihun', '2025-07-14 08:25:57'),
(365, 133, 34, 'Incident reported by User ID: 34', '2025-07-14 08:49:53'),
(366, 133, 4, 'Status changed to fixed by Eleni Zerihun', '2025-07-14 08:50:23'),
(367, 134, 18, 'Incident reported by User ID: 18', '2025-07-14 09:02:13'),
(368, 134, 4, 'Status changed to fixed by Eleni Zerihun', '2025-07-14 09:02:49'),
(369, 135, 34, 'Incident reported by User ID: 34', '2025-07-14 10:27:11'),
(370, 136, 32, 'Incident reported by User ID: 32', '2025-07-14 10:27:50'),
(371, 137, 23, 'Incident reported by User ID: 23', '2025-07-14 10:28:30'),
(372, 138, 46, 'Incident reported by User ID: 46', '2025-07-14 10:29:15'),
(373, 135, 47, 'Assigned to IT Staff (Aaron Tamirat)', '2025-07-14 10:29:34'),
(374, 135, 5, 'Status changed to fixed by Aaron Tamirat', '2025-07-14 10:30:22'),
(375, 136, 5, 'Status changed to fixed by Aaron Tamirat', '2025-07-14 10:31:05'),
(376, 137, 5, 'Status changed to fixed by Aaron Tamirat', '2025-07-14 10:31:19'),
(377, 138, 5, 'Status changed to fixed by Aaron Tamirat', '2025-07-14 10:32:00'),
(378, 139, 59, 'Incident reported by User ID: 59', '2025-07-14 13:09:27'),
(379, 140, 59, 'Incident reported by User ID: 59', '2025-07-14 13:10:03'),
(380, 141, 59, 'Incident reported by User ID: 59', '2025-07-14 13:10:33'),
(381, 142, 59, 'Incident reported by User ID: 59', '2025-07-14 13:16:49'),
(382, 142, 63, 'Assigned to IT Staff (Mikiyas Wondimu)', '2025-07-15 05:26:07'),
(383, 143, 52, 'Incident reported by User ID: 52', '2025-07-15 06:10:49'),
(384, 143, 5, 'Status changed to fixed by Aaron Tamirat', '2025-07-15 06:12:08'),
(385, 141, 1, 'Assigned to IT Staff (Mikiyas Wondimu)', '2025-07-15 06:42:16'),
(386, 140, 1, 'Assigned to IT Staff (Mikiyas Wondimu)', '2025-07-15 06:42:28'),
(387, 139, 1, 'Assigned to IT Staff (Mikiyas Wondimu)', '2025-07-15 06:42:37'),
(388, 142, 1, 'Status updated to \'pending\'', '2025-07-15 06:42:51'),
(389, 141, 1, 'Status updated to \'pending\'', '2025-07-15 06:42:54'),
(390, 140, 1, 'Status updated to \'pending\'', '2025-07-15 06:42:57'),
(391, 139, 1, 'Status updated to \'pending\'', '2025-07-15 06:43:00'),
(392, 142, 1, 'Assigned to IT Staff (User ID: Mikiyas Wondimu)', '2025-07-15 06:44:20'),
(393, 141, 1, 'Assigned to IT Staff (User ID: Mikiyas Wondimu)', '2025-07-15 06:44:24'),
(394, 140, 1, 'Assigned to IT Staff (User ID: Mikiyas Wondimu)', '2025-07-15 06:44:26'),
(395, 139, 1, 'Assigned to IT Staff (User ID: Mikiyas Wondimu)', '2025-07-15 06:44:28'),
(396, 142, 62, 'Status changed to pending by Mikiyas Wondimu', '2025-07-15 12:01:30'),
(397, 141, 62, 'Status changed to pending by Mikiyas Wondimu', '2025-07-15 12:01:43'),
(398, 140, 62, 'Status changed to pending by Mikiyas Wondimu', '2025-07-15 12:01:55'),
(399, 139, 62, 'Status changed to pending by Mikiyas Wondimu', '2025-07-15 12:02:01'),
(400, 142, 62, 'Status changed to fixed by Mikiyas Wondimu', '2025-07-15 12:04:14'),
(401, 141, 62, 'Status changed to fixed by Mikiyas Wondimu', '2025-07-15 12:04:30'),
(402, 140, 62, 'Status changed to fixed by Mikiyas Wondimu', '2025-07-15 12:04:39'),
(403, 128, 62, 'Status changed to fixed by Mikiyas Wondimu', '2025-07-15 12:04:56'),
(404, 130, 62, 'Status changed to fixed by Mikiyas Wondimu', '2025-07-15 12:06:31'),
(405, 144, 13, 'Incident reported by User ID: 13', '2025-07-15 12:41:10'),
(406, 144, 3, 'Status changed to fixed by Mengistu Ferdie', '2025-07-15 12:41:36'),
(407, 126, 62, 'Category changed to Applications', '2025-07-15 12:52:53'),
(408, 126, 62, 'Status changed to fixed by Mikiyas Wondimu', '2025-07-15 14:14:41'),
(409, 112, 62, 'Status changed to fixed by Mikiyas Wondimu', '2025-07-16 05:29:27'),
(410, 145, 6, 'Incident reported by User ID: 6', '2025-07-16 05:58:41'),
(411, 145, 5, 'Status changed to fixed by Aaron Tamirat', '2025-07-16 06:07:14'),
(412, 146, 41, 'Incident reported by User ID: 41', '2025-07-16 06:12:29'),
(413, 146, 5, 'Status changed to fixed by Aaron Tamirat', '2025-07-16 06:13:52'),
(414, 147, 22, 'Incident reported by User ID: 22', '2025-07-16 06:47:32'),
(415, 147, 3, 'Status changed to fixed by Mengistu Ferdie', '2025-07-16 06:48:22'),
(416, 148, 40, 'Incident reported by User ID: 40', '2025-07-16 07:05:03'),
(417, 148, 47, 'Assigned to IT Staff (User ID: Aaron Tamirat)', '2025-07-16 07:08:52'),
(418, 148, 5, 'Status changed to fixed by Aaron Tamirat', '2025-07-16 07:09:15'),
(419, 149, 8, 'Incident reported by User ID: 8', '2025-07-16 08:19:41'),
(420, 149, 5, 'Status changed to fixed by Aaron Tamirat', '2025-07-16 08:20:44'),
(421, 150, 11, 'Incident reported by User ID: 11', '2025-07-16 12:01:28'),
(422, 150, 3, 'Status changed to fixed by Mengistu Ferdie', '2025-07-16 12:02:08'),
(423, 151, 57, 'Incident reported by User ID: 57', '2025-07-16 12:07:27'),
(424, 151, 3, 'Status changed to fixed by Mengistu Ferdie', '2025-07-16 12:08:14'),
(425, 152, 18, 'Incident reported by User ID: 18', '2025-07-17 06:31:36'),
(426, 152, 4, 'Status changed to fixed by Eleni Zerihun', '2025-07-17 06:32:05'),
(427, 153, 49, 'Incident reported by User ID: 49', '2025-07-17 11:38:25'),
(428, 153, 4, 'Status changed to fixed by Eleni Zerihun', '2025-07-17 11:39:09'),
(429, 39, 62, 'Status changed to fixed by Mikiyas Wondimu', '2025-07-17 12:56:41'),
(430, 139, 62, 'Status changed to fixed by Mikiyas Wondimu', '2025-07-17 13:37:45'),
(431, 154, 7, 'Incident reported by User ID: 7', '2025-07-18 06:17:12'),
(432, 154, 3, 'Status changed to fixed by Mengistu Ferdie', '2025-07-18 06:17:43'),
(433, 155, 46, 'Incident reported by User ID: 46', '2025-07-18 12:49:50'),
(434, 155, 5, 'Category changed to Computer', '2025-07-18 12:50:08'),
(435, 155, 5, 'Status changed to fixed by Aaron Tamirat', '2025-07-18 12:54:33'),
(436, 156, 38, 'Incident reported by User ID: 38', '2025-07-18 12:54:40'),
(437, 156, 4, 'Status changed to fixed by Eleni Zerihun', '2025-07-18 12:55:07'),
(438, 157, 8, 'Incident reported by User ID: 8', '2025-07-19 08:23:41'),
(439, 157, 5, 'Status changed to fixed by Aaron Tamirat', '2025-07-19 08:25:15'),
(440, 158, 24, 'Incident reported by User ID: 24', '2025-07-21 08:46:23'),
(441, 158, 3, 'Status changed to fixed by Mengistu Ferdie', '2025-07-21 08:46:54'),
(442, 159, 36, 'Incident reported by User ID: 36', '2025-07-21 10:34:58'),
(443, 160, 36, 'Incident reported by User ID: 36', '2025-07-21 10:36:25'),
(444, 160, 47, 'Assigned to IT Staff (User ID: Eleni Zerihun)', '2025-07-21 10:42:22'),
(445, 159, 47, 'Assigned to IT Staff (User ID: Aaron Tamirat)', '2025-07-21 10:42:39'),
(446, 159, 5, 'Status changed to fixed by Aaron Tamirat', '2025-07-21 10:43:11'),
(447, 160, 4, 'Status changed to fixed by Eleni Zerihun', '2025-07-21 10:46:57'),
(448, 161, 54, 'Incident reported by User ID: 54', '2025-07-21 11:24:39'),
(449, 161, 4, 'Status changed to fixed by Eleni Zerihun', '2025-07-21 11:25:31'),
(450, 162, 15, 'Incident reported by User ID: 15', '2025-07-21 12:36:12'),
(451, 162, 3, 'Status changed to fixed by Mengistu Ferdie', '2025-07-21 12:37:00'),
(452, 163, 24, 'Incident reported by User ID: 24', '2025-07-21 14:30:06'),
(453, 163, 47, 'Assigned to IT Staff (Aaron Tamirat)', '2025-07-21 14:30:20'),
(454, 163, 5, 'Status changed to fixed by Aaron Tamirat', '2025-07-21 14:30:42'),
(455, 164, 46, 'Incident reported by User ID: 46', '2025-07-21 14:32:00'),
(456, 164, 5, 'Status changed to fixed by Aaron Tamirat', '2025-07-21 14:33:16'),
(457, 165, 24, 'Incident reported by User ID: 24', '2025-07-22 08:15:33'),
(458, 165, 3, 'Status changed to fixed by Mengistu Ferdie', '2025-07-22 08:16:47'),
(459, 166, 22, 'Incident reported by User ID: 22', '2025-07-22 08:21:04'),
(460, 166, 3, 'Status changed to fixed by Mengistu Ferdie', '2025-07-22 08:21:29'),
(461, 167, 59, 'Incident reported by User ID: 59', '2025-07-22 08:42:53'),
(462, 167, 50, 'Assigned to IT Staff (Eleni Zerihun)', '2025-07-22 08:43:15'),
(463, 167, 50, 'Assigned to IT Staff (Eleni Zerihun)', '2025-07-22 08:43:21'),
(464, 167, 4, 'Status changed to fixed by Eleni Zerihun', '2025-07-22 08:44:36'),
(465, 168, 58, 'Incident reported by User ID: 58', '2025-07-22 08:47:09'),
(466, 168, 3, 'Status changed to fixed by Mengistu Ferdie', '2025-07-22 08:47:45'),
(467, 169, 30, 'Incident reported by User ID: 30', '2025-07-22 10:17:03'),
(468, 170, 29, 'Incident reported by User ID: 29', '2025-07-22 10:25:09'),
(469, 171, 53, 'Incident reported by User ID: 53', '2025-07-22 10:30:37'),
(470, 171, 2, 'Status changed to fixed by Yehuwalashet Yitagesu', '2025-07-22 10:57:25'),
(471, 170, 2, 'Status changed to fixed by Yehuwalashet Yitagesu', '2025-07-22 11:01:50'),
(472, 169, 2, 'Status changed to fixed by Yehuwalashet Yitagesu', '2025-07-22 11:03:15'),
(473, 169, 63, 'Assigned to IT Staff (Yehuwalashet Yitagesu)', '2025-07-22 11:12:23'),
(474, 169, 2, 'Status changed to fixed by Yehuwalashet Yitagesu', '2025-07-22 11:14:36'),
(475, 172, 8, 'Incident reported by User ID: 8', '2025-07-23 06:43:40'),
(476, 172, 5, 'Status changed to fixed by Aaron Tamirat', '2025-07-23 06:44:33'),
(477, 173, 54, 'Incident reported by User ID: 54', '2025-07-23 12:01:12'),
(478, 173, 4, 'Status changed to fixed by Eleni Zerihun', '2025-07-23 12:02:21'),
(479, 174, 28, 'Incident reported by User ID: 28', '2025-07-24 06:53:15'),
(480, 174, 4, 'Status changed to fixed by Eleni Zerihun', '2025-07-24 06:53:57'),
(481, 175, 49, 'Incident reported by User ID: 49', '2025-07-24 13:00:08'),
(482, 175, 4, 'Status changed to fixed by Eleni Zerihun', '2025-07-24 13:01:52'),
(483, NULL, 47, 'Reset password for user ID 25', '2025-07-24 13:35:22'),
(484, NULL, 47, 'Reset password for user ID 64', '2025-07-25 09:15:11');

-- --------------------------------------------------------

--
-- Table structure for table `kb_articles`
--

CREATE TABLE `kb_articles` (
  `id` int(11) NOT NULL,
  `title` varchar(255) NOT NULL,
  `content` text NOT NULL,
  `created_by` int(11) DEFAULT NULL,
  `category_id` int(11) DEFAULT NULL,
  `created_at` timestamp NOT NULL DEFAULT current_timestamp(),
  `updated_at` timestamp NOT NULL DEFAULT current_timestamp() ON UPDATE current_timestamp()
) ENGINE=InnoDB DEFAULT CHARSET=utf8mb4 COLLATE=utf8mb4_general_ci;

--
-- Dumping data for table `kb_articles`
--

INSERT INTO `kb_articles` (`id`, `title`, `content`, `created_by`, `category_id`, `created_at`, `updated_at`) VALUES
(2, 'Third Party System', 'fill Data Based on excel template format including tariff Id.', 2, 8, '2025-06-26 12:35:27', '2025-06-26 13:52:23'),
(3, 'on premium receipt order', 'payment mode can select \"Self Insurance\"', 62, 8, '2025-07-12 15:43:32', '2025-07-12 15:43:32'),
(4, 'Login delays on domain-joined computers.', 'Cleared cached credentials and optimized Active Directory sync.', 2, 4, '2025-07-22 10:55:58', '2025-07-22 10:55:58'),
(5, 'Wi-Fi performance in high-traffic areas.', '•	Issue: Unauthorized device connecting to the network.\r\nFix: Blocked MAC address and enforced stricter access controls.', 2, 4, '2025-07-22 11:04:56', '2025-07-22 11:04:56');

-- --------------------------------------------------------

--
-- Table structure for table `kb_categories`
--

CREATE TABLE `kb_categories` (
  `id` int(11) NOT NULL,
  `name` varchar(100) NOT NULL,
  `created_at` timestamp NOT NULL DEFAULT current_timestamp()
) ENGINE=InnoDB DEFAULT CHARSET=utf8mb4 COLLATE=utf8mb4_general_ci;

--
-- Dumping data for table `kb_categories`
--

INSERT INTO `kb_categories` (`id`, `name`, `created_at`) VALUES
(1, 'Computer', '2025-06-05 10:43:03'),
(4, 'Internet & Network', '2025-06-05 10:43:47'),
(6, 'Printer/Scanner', '2025-06-05 10:44:11'),
(8, 'Applications', '2025-06-05 10:44:50');

-- --------------------------------------------------------

--
-- Table structure for table `kb_feedback`
--

CREATE TABLE `kb_feedback` (
  `id` int(11) NOT NULL,
  `article_id` int(11) DEFAULT NULL,
  `user_id` int(11) DEFAULT NULL,
  `feedback_type` enum('good','bad') NOT NULL,
  `comment` text DEFAULT NULL,
  `created_at` timestamp NOT NULL DEFAULT current_timestamp()
) ENGINE=InnoDB DEFAULT CHARSET=utf8mb4 COLLATE=utf8mb4_general_ci;

--
-- Dumping data for table `kb_feedback`
--

INSERT INTO `kb_feedback` (`id`, `article_id`, `user_id`, `feedback_type`, `comment`, `created_at`) VALUES
(1, 3, 3, 'good', NULL, '2025-07-04 08:32:16');

-- --------------------------------------------------------

--
-- Table structure for table `notifications`
--

CREATE TABLE `notifications` (
  `id` int(11) NOT NULL,
  `user_id` int(11) NOT NULL,
  `message` text NOT NULL,
  `related_incident_id` int(11) DEFAULT NULL,
  `related_project_id` int(11) DEFAULT NULL,
  `is_seen` tinyint(1) DEFAULT 0,
  `created_at` timestamp NOT NULL DEFAULT current_timestamp()
) ENGINE=InnoDB DEFAULT CHARSET=utf8mb4 COLLATE=utf8mb4_general_ci;

--
-- Dumping data for table `notifications`
--

INSERT INTO `notifications` (`id`, `user_id`, `message`, `related_incident_id`, `related_project_id`, `is_seen`, `created_at`) VALUES
(1, 1, 'New incident reported', 1, NULL, 1, '2025-06-17 04:57:55'),
(2, 47, 'New incident reported', 1, NULL, 1, '2025-06-17 04:57:55'),
(3, 50, 'New incident reported', 1, NULL, 1, '2025-06-17 04:57:55'),
(4, 4, 'You have been assigned to an incident', 1, NULL, 1, '2025-06-17 04:59:23'),
(5, 56, 'Your incident (ID: 1) has been marked as fixed.', 1, NULL, 1, '2025-06-17 05:03:18'),
(6, 1, 'New incident reported', 2, NULL, 1, '2025-06-17 07:45:58'),
(7, 47, 'New incident reported', 2, NULL, 1, '2025-06-17 07:45:58'),
(8, 50, 'New incident reported', 2, NULL, 1, '2025-06-17 07:45:58'),
(9, 4, 'You have been assigned to an incident', 2, NULL, 1, '2025-06-17 07:46:31'),
(10, 46, 'Your incident (ID: 2) has been marked as fixed.', 2, NULL, 1, '2025-06-17 07:50:36'),
(11, 1, 'New incident reported', 3, NULL, 1, '2025-06-17 07:51:27'),
(12, 47, 'New incident reported', 3, NULL, 1, '2025-06-17 07:51:27'),
(13, 50, 'New incident reported', 3, NULL, 1, '2025-06-17 07:51:27'),
(14, 3, 'You have been assigned to an incident', 3, NULL, 1, '2025-06-17 07:55:03'),
(15, 57, 'Your incident (ID: 3) has been marked as pending.', 3, NULL, 1, '2025-06-17 07:56:18'),
(16, 57, 'Your incident (ID: 3) has been marked as fixed.', 3, NULL, 1, '2025-06-17 07:56:56'),
(17, 1, 'New incident reported', 4, NULL, 1, '2025-06-17 08:10:16'),
(18, 47, 'New incident reported', 4, NULL, 1, '2025-06-17 08:10:16'),
(19, 50, 'New incident reported', 4, NULL, 1, '2025-06-17 08:10:16'),
(20, 61, 'New incident reported', 4, NULL, 1, '2025-06-17 08:10:16'),
(21, 4, 'You have been assigned to an incident', 4, NULL, 1, '2025-06-17 08:10:39'),
(22, 52, 'Your incident (ID: 4) has been marked as fixed.', 4, NULL, 1, '2025-06-17 08:11:05'),
(23, 1, 'New incident reported', 5, NULL, 1, '2025-06-17 08:54:59'),
(24, 47, 'New incident reported', 5, NULL, 1, '2025-06-17 08:54:59'),
(25, 50, 'New incident reported', 5, NULL, 1, '2025-06-17 08:54:59'),
(26, 61, 'New incident reported', 5, NULL, 1, '2025-06-17 08:54:59'),
(27, 4, 'You have been assigned to an incident', 5, NULL, 1, '2025-06-17 08:56:08'),
(28, 57, 'Your incident (ID: 5) has been marked as fixed.', 5, NULL, 1, '2025-06-17 08:56:32'),
(29, 1, 'New incident reported', 6, NULL, 1, '2025-06-18 04:10:28'),
(30, 47, 'New incident reported', 6, NULL, 1, '2025-06-18 04:10:28'),
(31, 50, 'New incident reported', 6, NULL, 1, '2025-06-18 04:10:28'),
(32, 61, 'New incident reported', 6, NULL, 1, '2025-06-18 04:10:28'),
(33, 1, 'New incident reported', 7, NULL, 1, '2025-06-18 04:11:15'),
(34, 47, 'New incident reported', 7, NULL, 1, '2025-06-18 04:11:15'),
(35, 50, 'New incident reported', 7, NULL, 1, '2025-06-18 04:11:15'),
(36, 61, 'New incident reported', 7, NULL, 1, '2025-06-18 04:11:15'),
(37, 1, 'New incident reported', 8, NULL, 1, '2025-06-18 04:13:08'),
(38, 47, 'New incident reported', 8, NULL, 1, '2025-06-18 04:13:08'),
(39, 50, 'New incident reported', 8, NULL, 1, '2025-06-18 04:13:08'),
(40, 61, 'New incident reported', 8, NULL, 1, '2025-06-18 04:13:08'),
(41, 1, 'New incident reported', 9, NULL, 1, '2025-06-18 04:14:05'),
(42, 47, 'New incident reported', 9, NULL, 1, '2025-06-18 04:14:05'),
(43, 50, 'New incident reported', 9, NULL, 1, '2025-06-18 04:14:05'),
(44, 61, 'New incident reported', 9, NULL, 1, '2025-06-18 04:14:05'),
(45, 1, 'New incident reported', 10, NULL, 1, '2025-06-18 04:15:13'),
(46, 47, 'New incident reported', 10, NULL, 1, '2025-06-18 04:15:13'),
(47, 50, 'New incident reported', 10, NULL, 1, '2025-06-18 04:15:13'),
(48, 61, 'New incident reported', 10, NULL, 1, '2025-06-18 04:15:13'),
(49, 62, 'You have been assigned to an incident', 10, NULL, 1, '2025-06-18 04:16:19'),
(50, 62, 'You have been assigned to an incident', 9, NULL, 1, '2025-06-18 04:16:27'),
(51, 62, 'You have been assigned to an incident', 8, NULL, 1, '2025-06-18 04:16:29'),
(52, 62, 'You have been assigned to an incident', 7, NULL, 1, '2025-06-18 04:16:32'),
(53, 62, 'You have been assigned to an incident', 6, NULL, 1, '2025-06-18 04:16:35'),
(54, 1, 'New incident reported', 11, NULL, 1, '2025-06-18 04:23:36'),
(55, 47, 'New incident reported', 11, NULL, 1, '2025-06-18 04:23:36'),
(56, 50, 'New incident reported', 11, NULL, 1, '2025-06-18 04:23:36'),
(57, 61, 'New incident reported', 11, NULL, 1, '2025-06-18 04:23:36'),
(58, 1, 'New incident reported', 12, NULL, 1, '2025-06-18 04:26:12'),
(59, 47, 'New incident reported', 12, NULL, 1, '2025-06-18 04:26:12'),
(60, 50, 'New incident reported', 12, NULL, 1, '2025-06-18 04:26:12'),
(61, 61, 'New incident reported', 12, NULL, 1, '2025-06-18 04:26:12'),
(62, 1, 'New incident reported', 13, NULL, 1, '2025-06-18 04:26:29'),
(63, 47, 'New incident reported', 13, NULL, 1, '2025-06-18 04:26:29'),
(64, 50, 'New incident reported', 13, NULL, 1, '2025-06-18 04:26:29'),
(65, 61, 'New incident reported', 13, NULL, 1, '2025-06-18 04:26:29'),
(66, 1, 'New incident reported', 14, NULL, 1, '2025-06-18 04:27:46'),
(67, 47, 'New incident reported', 14, NULL, 1, '2025-06-18 04:27:46'),
(68, 50, 'New incident reported', 14, NULL, 1, '2025-06-18 04:27:46'),
(69, 61, 'New incident reported', 14, NULL, 1, '2025-06-18 04:27:46'),
(70, 62, 'You have been assigned to an incident', 14, NULL, 1, '2025-06-18 04:28:02'),
(71, 62, 'You have been assigned to an incident', 13, NULL, 1, '2025-06-18 04:28:05'),
(72, 62, 'You have been assigned to an incident', 12, NULL, 1, '2025-06-18 04:28:07'),
(73, 62, 'You have been assigned to an incident', 11, NULL, 1, '2025-06-18 04:28:09'),
(74, 1, 'New incident reported', 15, NULL, 1, '2025-06-18 04:29:15'),
(75, 47, 'New incident reported', 15, NULL, 1, '2025-06-18 04:29:15'),
(76, 50, 'New incident reported', 15, NULL, 1, '2025-06-18 04:29:15'),
(77, 61, 'New incident reported', 15, NULL, 1, '2025-06-18 04:29:15'),
(78, 51, 'Your incident (ID: 15) has been marked as pending.', 15, NULL, 1, '2025-06-18 04:30:22'),
(79, 51, 'Your incident (ID: 15) has been marked as rejected.', 15, NULL, 1, '2025-06-18 04:30:54'),
(80, 1, 'New incident reported', 16, NULL, 1, '2025-06-18 04:33:45'),
(81, 47, 'New incident reported', 16, NULL, 1, '2025-06-18 04:33:45'),
(82, 50, 'New incident reported', 16, NULL, 1, '2025-06-18 04:33:45'),
(83, 61, 'New incident reported', 16, NULL, 1, '2025-06-18 04:33:45'),
(84, 3, 'You have been assigned to an incident', 16, NULL, 1, '2025-06-18 04:34:26'),
(85, 51, 'Your incident (ID: 16) has been marked as fixed.', 16, NULL, 0, '2025-06-18 04:36:24'),
(86, 51, 'Your incident (ID: 16) has been marked as fixed.', 16, NULL, 0, '2025-06-18 04:36:49'),
(87, 57, 'Your incident (ID: 11) has been marked as fixed.', 11, NULL, 1, '2025-06-18 05:24:27'),
(88, 3, 'You have been assigned to an incident', 12, NULL, 1, '2025-06-18 05:37:52'),
(89, 2, 'You have been assigned to an incident', 12, NULL, 1, '2025-06-18 05:37:57'),
(90, 51, 'Your incident (ID: 12) has been marked as pending.', 12, NULL, 0, '2025-06-18 08:51:09'),
(91, 51, 'Your incident (ID: 12) has been marked as fixed.', 12, NULL, 0, '2025-06-18 08:51:36'),
(92, 1, 'New incident reported', 17, NULL, 1, '2025-06-18 09:31:08'),
(93, 47, 'New incident reported', 17, NULL, 1, '2025-06-18 09:31:08'),
(94, 50, 'New incident reported', 17, NULL, 1, '2025-06-18 09:31:08'),
(95, 61, 'New incident reported', 17, NULL, 1, '2025-06-18 09:31:08'),
(96, 63, 'New incident reported', 17, NULL, 1, '2025-06-18 09:31:08'),
(97, 2, 'You have been assigned to an incident', 17, NULL, 1, '2025-06-18 09:39:46'),
(98, 1, 'New incident reported', 18, NULL, 1, '2025-06-18 09:58:56'),
(99, 47, 'New incident reported', 18, NULL, 1, '2025-06-18 09:58:56'),
(100, 50, 'New incident reported', 18, NULL, 1, '2025-06-18 09:58:56'),
(101, 61, 'New incident reported', 18, NULL, 1, '2025-06-18 09:58:56'),
(102, 63, 'New incident reported', 18, NULL, 1, '2025-06-18 09:58:56'),
(103, 2, 'You have been assigned to an incident', 18, NULL, 1, '2025-06-18 09:59:33'),
(104, 29, 'Your incident (ID: 17) has been marked as fixed.', 17, NULL, 1, '2025-06-18 10:00:23'),
(105, 49, 'Your incident (ID: 18) has been marked as fixed.', 18, NULL, 1, '2025-06-18 10:01:47'),
(106, 1, 'New incident reported', 19, NULL, 1, '2025-06-18 10:18:04'),
(107, 47, 'New incident reported', 19, NULL, 1, '2025-06-18 10:18:04'),
(108, 50, 'New incident reported', 19, NULL, 1, '2025-06-18 10:18:04'),
(109, 61, 'New incident reported', 19, NULL, 1, '2025-06-18 10:18:04'),
(110, 63, 'New incident reported', 19, NULL, 1, '2025-06-18 10:18:04'),
(111, 4, 'You have been assigned to an incident', 19, NULL, 1, '2025-06-18 10:19:04'),
(112, 59, 'Your incident (ID: 19) has been marked as fixed.', 19, NULL, 1, '2025-06-18 10:19:56'),
(113, 1, 'New incident reported', 20, NULL, 1, '2025-06-18 10:26:49'),
(114, 47, 'New incident reported', 20, NULL, 1, '2025-06-18 10:26:49'),
(115, 50, 'New incident reported', 20, NULL, 1, '2025-06-18 10:26:49'),
(116, 61, 'New incident reported', 20, NULL, 1, '2025-06-18 10:26:49'),
(117, 63, 'New incident reported', 20, NULL, 1, '2025-06-18 10:26:49'),
(118, 4, 'You have been assigned to an incident', 20, NULL, 1, '2025-06-18 10:27:13'),
(119, 49, 'Your incident (ID: 20) has been marked as fixed.', 20, NULL, 1, '2025-06-18 10:27:38'),
(120, 1, 'New incident reported', 21, NULL, 1, '2025-06-18 10:54:43'),
(121, 47, 'New incident reported', 21, NULL, 1, '2025-06-18 10:54:43'),
(122, 50, 'New incident reported', 21, NULL, 1, '2025-06-18 10:54:43'),
(123, 61, 'New incident reported', 21, NULL, 1, '2025-06-18 10:54:43'),
(124, 63, 'New incident reported', 21, NULL, 1, '2025-06-18 10:54:43'),
(125, 4, 'You have been assigned to an incident', 21, NULL, 1, '2025-06-18 10:55:01'),
(126, 9, 'Your incident (ID: 21) has been marked as fixed.', 21, NULL, 1, '2025-06-18 10:55:19'),
(127, 1, 'New incident reported', 22, NULL, 1, '2025-06-19 02:54:57'),
(128, 47, 'New incident reported', 22, NULL, 1, '2025-06-19 02:54:57'),
(129, 50, 'New incident reported', 22, NULL, 1, '2025-06-19 02:54:57'),
(130, 61, 'New incident reported', 22, NULL, 1, '2025-06-19 02:54:57'),
(131, 63, 'New incident reported', 22, NULL, 1, '2025-06-19 02:54:57'),
(132, 1, 'New incident reported', 23, NULL, 1, '2025-06-19 02:58:12'),
(133, 47, 'New incident reported', 23, NULL, 1, '2025-06-19 02:58:12'),
(134, 50, 'New incident reported', 23, NULL, 1, '2025-06-19 02:58:12'),
(135, 61, 'New incident reported', 23, NULL, 1, '2025-06-19 02:58:12'),
(136, 63, 'New incident reported', 23, NULL, 1, '2025-06-19 02:58:12'),
(137, 1, 'New incident reported', 24, NULL, 1, '2025-06-19 02:59:31'),
(138, 47, 'New incident reported', 24, NULL, 1, '2025-06-19 02:59:31'),
(139, 50, 'New incident reported', 24, NULL, 1, '2025-06-19 02:59:31'),
(140, 61, 'New incident reported', 24, NULL, 1, '2025-06-19 02:59:31'),
(141, 63, 'New incident reported', 24, NULL, 1, '2025-06-19 02:59:31'),
(142, 1, 'New incident reported', 25, NULL, 1, '2025-06-19 03:00:28'),
(143, 47, 'New incident reported', 25, NULL, 1, '2025-06-19 03:00:28'),
(144, 50, 'New incident reported', 25, NULL, 1, '2025-06-19 03:00:28'),
(145, 61, 'New incident reported', 25, NULL, 1, '2025-06-19 03:00:28'),
(146, 63, 'New incident reported', 25, NULL, 1, '2025-06-19 03:00:28'),
(147, 62, 'You have been assigned to an incident', 25, NULL, 1, '2025-06-19 03:01:00'),
(148, 62, 'You have been assigned to an incident', 24, NULL, 1, '2025-06-19 03:01:24'),
(149, 62, 'You have been assigned to an incident', 23, NULL, 1, '2025-06-19 03:01:27'),
(150, 62, 'You have been assigned to an incident', 22, NULL, 1, '2025-06-19 03:01:31'),
(151, 59, 'Your incident (ID: 25) has been marked as fixed.', 25, NULL, 1, '2025-06-19 04:37:12'),
(152, 1, 'New incident reported', 26, NULL, 1, '2025-06-19 04:51:09'),
(153, 47, 'New incident reported', 26, NULL, 1, '2025-06-19 04:51:09'),
(154, 50, 'New incident reported', 26, NULL, 1, '2025-06-19 04:51:09'),
(155, 61, 'New incident reported', 26, NULL, 1, '2025-06-19 04:51:09'),
(156, 63, 'New incident reported', 26, NULL, 1, '2025-06-19 04:51:09'),
(157, 3, 'You have been assigned to an incident', 26, NULL, 1, '2025-06-19 04:51:50'),
(158, 46, 'Your incident (ID: 26) has been marked as fixed.', 26, NULL, 1, '2025-06-19 04:52:16'),
(159, 1, 'New incident reported', 27, NULL, 1, '2025-06-19 05:32:06'),
(160, 47, 'New incident reported', 27, NULL, 1, '2025-06-19 05:32:06'),
(161, 50, 'New incident reported', 27, NULL, 1, '2025-06-19 05:32:06'),
(162, 61, 'New incident reported', 27, NULL, 1, '2025-06-19 05:32:06'),
(163, 63, 'New incident reported', 27, NULL, 1, '2025-06-19 05:32:06'),
(164, 4, 'You have been assigned to an incident', 27, NULL, 1, '2025-06-19 05:32:42'),
(165, 49, 'Your incident (ID: 27) has been marked as fixed.', 27, NULL, 1, '2025-06-19 05:33:19'),
(166, 59, 'Your incident (ID: 24) has been marked as pending.', 24, NULL, 1, '2025-06-19 07:18:09'),
(167, 59, 'Your incident (ID: 23) has been marked as pending.', 23, NULL, 1, '2025-06-19 07:18:25'),
(168, 59, 'Your incident (ID: 22) has been marked as pending.', 22, NULL, 1, '2025-06-19 07:18:29'),
(169, 53, 'Your incident (ID: 14) has been marked as pending.', 14, NULL, 1, '2025-06-19 07:18:32'),
(170, 53, 'Your incident (ID: 13) has been marked as pending.', 13, NULL, 1, '2025-06-19 07:18:38'),
(171, 59, 'Your incident (ID: 24) has been marked as pending.', 24, NULL, 1, '2025-06-19 07:18:41'),
(172, 59, 'Your incident (ID: 10) has been marked as pending.', 10, NULL, 1, '2025-06-19 07:18:48'),
(173, 59, 'Your incident (ID: 9) has been marked as pending.', 9, NULL, 1, '2025-06-19 07:19:06'),
(174, 59, 'Your incident (ID: 8) has been marked as pending.', 8, NULL, 1, '2025-06-19 07:19:21'),
(175, 59, 'Your incident (ID: 7) has been marked as pending.', 7, NULL, 1, '2025-06-19 07:19:25'),
(176, 59, 'Your incident (ID: 6) has been marked as pending.', 6, NULL, 1, '2025-06-19 07:19:30'),
(177, 1, 'New incident reported', 28, NULL, 1, '2025-06-19 07:45:59'),
(178, 47, 'New incident reported', 28, NULL, 1, '2025-06-19 07:45:59'),
(179, 50, 'New incident reported', 28, NULL, 1, '2025-06-19 07:45:59'),
(180, 61, 'New incident reported', 28, NULL, 1, '2025-06-19 07:45:59'),
(181, 63, 'New incident reported', 28, NULL, 1, '2025-06-19 07:45:59'),
(182, 4, 'You have been assigned to an incident', 28, NULL, 1, '2025-06-19 07:46:29'),
(183, 25, 'Your incident (ID: 28) has been marked as fixed.', 28, NULL, 1, '2025-06-19 07:47:26'),
(184, 1, 'New incident reported', 29, NULL, 1, '2025-06-19 13:41:40'),
(185, 47, 'New incident reported', 29, NULL, 1, '2025-06-19 13:41:40'),
(186, 50, 'New incident reported', 29, NULL, 1, '2025-06-19 13:41:40'),
(187, 61, 'New incident reported', 29, NULL, 1, '2025-06-19 13:41:40'),
(188, 63, 'New incident reported', 29, NULL, 1, '2025-06-19 13:41:40'),
(189, 5, 'You have been assigned to an incident', 29, NULL, 1, '2025-06-19 13:41:40'),
(190, 1, 'Aaron Tamirat asked for support for incident 29', 29, NULL, 1, '2025-06-19 13:51:09'),
(191, 47, 'Aaron Tamirat asked for support for incident 29', 29, NULL, 1, '2025-06-19 13:51:09'),
(192, 50, 'Aaron Tamirat asked for support for incident 29', 29, NULL, 1, '2025-06-19 13:51:09'),
(193, 61, 'Aaron Tamirat asked for support for incident 29', 29, NULL, 1, '2025-06-19 13:51:09'),
(194, 63, 'Aaron Tamirat asked for support for incident 29', 29, NULL, 1, '2025-06-19 13:51:09'),
(195, 5, 'You have been assigned to an incident', 29, NULL, 1, '2025-06-19 13:51:58'),
(196, 14, 'Your incident (ID: 29) has been marked as fixed.', 29, NULL, 0, '2025-06-19 13:54:34'),
(197, 1, 'New incident reported', 30, NULL, 1, '2025-06-21 05:42:41'),
(198, 47, 'New incident reported', 30, NULL, 1, '2025-06-21 05:42:41'),
(199, 50, 'New incident reported', 30, NULL, 1, '2025-06-21 05:42:41'),
(200, 61, 'New incident reported', 30, NULL, 1, '2025-06-21 05:42:41'),
(201, 63, 'New incident reported', 30, NULL, 1, '2025-06-21 05:42:41'),
(202, 3, 'You have been assigned to an incident', 30, NULL, 1, '2025-06-21 05:42:41'),
(203, 1, 'New incident reported', 31, NULL, 1, '2025-06-21 05:44:17'),
(204, 47, 'New incident reported', 31, NULL, 1, '2025-06-21 05:44:17'),
(205, 50, 'New incident reported', 31, NULL, 1, '2025-06-21 05:44:17'),
(206, 61, 'New incident reported', 31, NULL, 1, '2025-06-21 05:44:17'),
(207, 63, 'New incident reported', 31, NULL, 1, '2025-06-21 05:44:17'),
(208, 3, 'You have been assigned to an incident', 31, NULL, 1, '2025-06-21 05:44:17'),
(209, 1, 'New incident reported', 32, NULL, 1, '2025-06-21 05:46:30'),
(210, 47, 'New incident reported', 32, NULL, 1, '2025-06-21 05:46:30'),
(211, 50, 'New incident reported', 32, NULL, 1, '2025-06-21 05:46:30'),
(212, 61, 'New incident reported', 32, NULL, 1, '2025-06-21 05:46:30'),
(213, 63, 'New incident reported', 32, NULL, 1, '2025-06-21 05:46:30'),
(214, 1, 'New incident reported', 33, NULL, 1, '2025-06-21 05:47:19'),
(215, 47, 'New incident reported', 33, NULL, 1, '2025-06-21 05:47:19'),
(216, 50, 'New incident reported', 33, NULL, 1, '2025-06-21 05:47:19'),
(217, 61, 'New incident reported', 33, NULL, 1, '2025-06-21 05:47:19'),
(218, 63, 'New incident reported', 33, NULL, 1, '2025-06-21 05:47:19'),
(219, 1, 'New incident reported', 34, NULL, 1, '2025-06-21 05:48:08'),
(220, 47, 'New incident reported', 34, NULL, 1, '2025-06-21 05:48:08'),
(221, 50, 'New incident reported', 34, NULL, 1, '2025-06-21 05:48:08'),
(222, 61, 'New incident reported', 34, NULL, 1, '2025-06-21 05:48:08'),
(223, 63, 'New incident reported', 34, NULL, 1, '2025-06-21 05:48:08'),
(224, 1, 'New incident reported', 35, NULL, 1, '2025-06-21 05:50:59'),
(225, 47, 'New incident reported', 35, NULL, 1, '2025-06-21 05:50:59'),
(226, 50, 'New incident reported', 35, NULL, 1, '2025-06-21 05:50:59'),
(227, 61, 'New incident reported', 35, NULL, 1, '2025-06-21 05:50:59'),
(228, 63, 'New incident reported', 35, NULL, 1, '2025-06-21 05:50:59'),
(229, 1, 'New incident reported', 36, NULL, 1, '2025-06-21 06:04:30'),
(230, 47, 'New incident reported', 36, NULL, 1, '2025-06-21 06:04:30'),
(231, 50, 'New incident reported', 36, NULL, 1, '2025-06-21 06:04:30'),
(232, 61, 'New incident reported', 36, NULL, 1, '2025-06-21 06:04:30'),
(233, 63, 'New incident reported', 36, NULL, 1, '2025-06-21 06:04:30'),
(234, 3, 'You have been assigned to an incident', 35, NULL, 1, '2025-06-21 06:05:27'),
(235, 3, 'You have been assigned to an incident', 15, NULL, 1, '2025-06-21 06:06:15'),
(236, 3, 'You have been assigned to an incident', 32, NULL, 1, '2025-06-21 06:06:36'),
(237, 56, 'Your incident (ID: 35) has been marked as fixed.', 35, NULL, 1, '2025-06-21 06:07:42'),
(238, 56, 'Your incident (ID: 32) has been marked as fixed.', 32, NULL, 1, '2025-06-21 06:08:10'),
(239, 19, 'Your incident (ID: 31) has been marked as fixed.', 31, NULL, 1, '2025-06-21 06:08:30'),
(240, 22, 'Your incident (ID: 30) has been marked as fixed.', 30, NULL, 1, '2025-06-21 06:09:03'),
(241, 51, 'Your incident (ID: 15) has been marked as fixed.', 15, NULL, 0, '2025-06-21 06:09:36'),
(242, 1, 'New incident reported', 37, NULL, 1, '2025-06-21 06:15:06'),
(243, 47, 'New incident reported', 37, NULL, 1, '2025-06-21 06:15:06'),
(244, 50, 'New incident reported', 37, NULL, 1, '2025-06-21 06:15:06'),
(245, 61, 'New incident reported', 37, NULL, 1, '2025-06-21 06:15:06'),
(246, 63, 'New incident reported', 37, NULL, 1, '2025-06-21 06:15:06'),
(247, 3, 'You have been assigned to an incident', 37, NULL, 1, '2025-06-21 06:15:06'),
(248, 3, 'Incident #32 has been confirmed as fixed.', 32, NULL, 1, '2025-06-21 06:15:22'),
(249, 3, 'Incident #32 has been confirmed as fixed.', 32, NULL, 1, '2025-06-21 06:19:07'),
(250, 3, 'Incident #35 has been confirmed as fixed.', 35, NULL, 1, '2025-06-21 06:19:08'),
(251, 3, 'Incident #31 has been confirmed as fixed.', 31, NULL, 1, '2025-06-21 06:37:39'),
(252, 3, 'Incident #30 has been confirmed as fixed.', 30, NULL, 1, '2025-06-21 06:38:03'),
(253, 14, 'Your incident (ID: 29) has been marked as fixed.', 29, NULL, 0, '2025-06-21 07:12:31'),
(254, 14, 'Your incident (ID: 29) has been marked as fixed.', 29, NULL, 0, '2025-06-21 07:14:14'),
(255, 14, 'Your incident (ID: 29) has been marked as fixed.', 29, NULL, 0, '2025-06-21 07:17:43'),
(256, 14, 'Your incident (ID: 29) has been marked as fixed.', 29, NULL, 0, '2025-06-21 07:17:52'),
(257, 1, 'New incident reported', 38, NULL, 1, '2025-06-21 07:57:42'),
(258, 47, 'New incident reported', 38, NULL, 1, '2025-06-21 07:57:42'),
(259, 50, 'New incident reported', 38, NULL, 1, '2025-06-21 07:57:42'),
(260, 61, 'New incident reported', 38, NULL, 1, '2025-06-21 07:57:42'),
(261, 63, 'New incident reported', 38, NULL, 1, '2025-06-21 07:57:42'),
(262, 2, 'You have been assigned to an incident', 38, NULL, 1, '2025-06-21 07:57:42'),
(263, 62, 'You have been assigned to an incident', 38, NULL, 1, '2025-06-21 07:58:17'),
(264, 1, 'New incident reported', 39, NULL, 1, '2025-06-21 07:59:20'),
(265, 47, 'New incident reported', 39, NULL, 1, '2025-06-21 07:59:20'),
(266, 50, 'New incident reported', 39, NULL, 1, '2025-06-21 07:59:20'),
(267, 61, 'New incident reported', 39, NULL, 1, '2025-06-21 07:59:20'),
(268, 63, 'New incident reported', 39, NULL, 1, '2025-06-21 07:59:20'),
(269, 2, 'You have been assigned to an incident', 39, NULL, 1, '2025-06-21 07:59:20'),
(270, 62, 'You have been assigned to an incident', 39, NULL, 1, '2025-06-21 07:59:49'),
(271, 62, 'You have been assigned to an incident', 39, NULL, 1, '2025-06-21 07:59:57'),
(272, 1, 'New incident reported', 40, NULL, 1, '2025-06-21 08:02:11'),
(273, 47, 'New incident reported', 40, NULL, 1, '2025-06-21 08:02:11'),
(274, 50, 'New incident reported', 40, NULL, 1, '2025-06-21 08:02:11'),
(275, 61, 'New incident reported', 40, NULL, 1, '2025-06-21 08:02:11'),
(276, 63, 'New incident reported', 40, NULL, 1, '2025-06-21 08:02:11'),
(277, 2, 'You have been assigned to an incident', 40, NULL, 1, '2025-06-21 08:02:11'),
(278, 62, 'You have been assigned to an incident', 40, NULL, 1, '2025-06-21 08:02:29'),
(279, 14, 'Your incident (ID: 29) has been marked as fixed.', 29, NULL, 0, '2025-06-21 08:18:12'),
(280, 14, 'Your incident (ID: 29) has been marked as not fixed.', 29, NULL, 0, '2025-06-21 08:18:51'),
(281, 14, 'Your incident (ID: 29) has been marked as fixed.', 29, NULL, 0, '2025-06-21 08:18:58'),
(282, 1, 'New incident reported', 41, NULL, 1, '2025-06-21 08:20:41'),
(283, 47, 'New incident reported', 41, NULL, 1, '2025-06-21 08:20:41'),
(284, 50, 'New incident reported', 41, NULL, 1, '2025-06-21 08:20:41'),
(285, 61, 'New incident reported', 41, NULL, 1, '2025-06-21 08:20:41'),
(286, 63, 'New incident reported', 41, NULL, 1, '2025-06-21 08:20:41'),
(287, 5, 'You have been assigned to an incident', 41, NULL, 1, '2025-06-21 08:20:41'),
(288, 44, 'Your incident (ID: 41) has been marked as fixed.', 41, NULL, 1, '2025-06-21 08:21:07'),
(289, 44, 'Your incident (ID: 41) has been marked as fixed.', 41, NULL, 1, '2025-06-21 08:27:00'),
(290, 14, 'Your incident (ID: 29) has been marked as fixed.', 29, NULL, 0, '2025-06-21 08:27:26'),
(291, 4, 'Incident #27 has been confirmed as fixed.', 27, NULL, 1, '2025-06-21 08:28:06'),
(292, 1, 'New incident reported', 42, NULL, 1, '2025-06-21 08:32:06'),
(293, 47, 'New incident reported', 42, NULL, 1, '2025-06-21 08:32:06'),
(294, 50, 'New incident reported', 42, NULL, 1, '2025-06-21 08:32:06'),
(295, 61, 'New incident reported', 42, NULL, 1, '2025-06-21 08:32:06'),
(296, 63, 'New incident reported', 42, NULL, 1, '2025-06-21 08:32:06'),
(297, 4, 'You have been assigned to an incident', 42, NULL, 1, '2025-06-21 08:32:06'),
(298, 59, 'Your incident (ID: 40) has been marked as pending.', 40, NULL, 1, '2025-06-21 08:34:41'),
(299, 59, 'Your incident (ID: 39) has been marked as pending.', 39, NULL, 1, '2025-06-21 08:34:59'),
(300, 59, 'Your incident (ID: 38) has been marked as pending.', 38, NULL, 1, '2025-06-21 08:35:04'),
(301, 5, 'Incident #41 has been confirmed as fixed.', 41, NULL, 1, '2025-06-21 08:35:14'),
(302, 5, 'Incident #41 has been confirmed as fixed.', 41, NULL, 1, '2025-06-21 08:35:15'),
(303, 49, 'Your incident (ID: 42) has been marked as fixed.', 42, NULL, 1, '2025-06-21 08:38:04'),
(304, 4, 'Incident #42 has been confirmed as fixed.', 42, NULL, 1, '2025-06-21 08:38:29'),
(305, 1, 'New incident reported', 43, NULL, 1, '2025-06-21 08:45:18'),
(306, 47, 'New incident reported', 43, NULL, 1, '2025-06-21 08:45:18'),
(307, 50, 'New incident reported', 43, NULL, 1, '2025-06-21 08:45:18'),
(308, 61, 'New incident reported', 43, NULL, 1, '2025-06-21 08:45:18'),
(309, 63, 'New incident reported', 43, NULL, 1, '2025-06-21 08:45:18'),
(310, 4, 'You have been assigned to an incident', 43, NULL, 1, '2025-06-21 08:45:18'),
(311, 28, 'Your incident (ID: 43) has been marked as fixed.', 43, NULL, 1, '2025-06-21 08:46:02'),
(312, 4, 'Incident #43 has been confirmed as fixed.', 43, NULL, 1, '2025-06-21 08:46:45'),
(313, 1, 'New incident reported', 44, NULL, 1, '2025-06-23 10:17:37'),
(314, 47, 'New incident reported', 44, NULL, 1, '2025-06-23 10:17:37'),
(315, 50, 'New incident reported', 44, NULL, 1, '2025-06-23 10:17:37'),
(316, 61, 'New incident reported', 44, NULL, 1, '2025-06-23 10:17:37'),
(317, 63, 'New incident reported', 44, NULL, 1, '2025-06-23 10:17:37'),
(318, 3, 'You have been assigned to an incident', 44, NULL, 1, '2025-06-23 10:17:37'),
(319, 13, 'Your incident (ID: 44) has been marked as fixed.', 44, NULL, 1, '2025-06-23 10:18:26'),
(320, 4, 'Incident #4 has been confirmed as fixed.', 4, NULL, 1, '2025-06-23 10:42:37'),
(321, 1, 'New incident reported', 45, NULL, 1, '2025-06-23 10:43:54'),
(322, 47, 'New incident reported', 45, NULL, 1, '2025-06-23 10:43:54'),
(323, 50, 'New incident reported', 45, NULL, 1, '2025-06-23 10:43:54'),
(324, 61, 'New incident reported', 45, NULL, 1, '2025-06-23 10:43:54'),
(325, 63, 'New incident reported', 45, NULL, 1, '2025-06-23 10:43:54'),
(326, 5, 'You have been assigned to an incident', 45, NULL, 1, '2025-06-23 10:43:54'),
(327, 52, 'Your incident (ID: 45) has been marked as fixed.', 45, NULL, 1, '2025-06-23 10:49:40'),
(328, 5, 'Incident #45 has been confirmed as fixed.', 45, NULL, 1, '2025-06-23 10:49:59'),
(329, 1, 'New incident reported', 46, NULL, 1, '2025-06-23 11:38:21'),
(330, 47, 'New incident reported', 46, NULL, 1, '2025-06-23 11:38:21'),
(331, 50, 'New incident reported', 46, NULL, 1, '2025-06-23 11:38:21'),
(332, 61, 'New incident reported', 46, NULL, 1, '2025-06-23 11:38:21'),
(333, 63, 'New incident reported', 46, NULL, 1, '2025-06-23 11:38:21'),
(334, 3, 'You have been assigned to an incident', 46, NULL, 1, '2025-06-23 11:38:21'),
(335, 57, 'Your incident (ID: 46) has been marked as fixed.', 46, NULL, 1, '2025-06-23 11:39:06'),
(336, 3, 'Incident #46 has been confirmed as fixed.', 46, NULL, 1, '2025-06-23 11:40:10'),
(337, 3, 'Incident #44 has been confirmed as fixed.', 44, NULL, 1, '2025-06-23 11:41:27'),
(338, 1, 'New incident reported', 47, NULL, 1, '2025-06-23 11:45:07'),
(339, 47, 'New incident reported', 47, NULL, 1, '2025-06-23 11:45:07'),
(340, 50, 'New incident reported', 47, NULL, 1, '2025-06-23 11:45:07'),
(341, 61, 'New incident reported', 47, NULL, 1, '2025-06-23 11:45:07'),
(342, 63, 'New incident reported', 47, NULL, 1, '2025-06-23 11:45:07'),
(343, 4, 'You have been assigned to an incident', 47, NULL, 1, '2025-06-23 11:45:07'),
(344, 18, 'Your incident (ID: 47) has been marked as fixed.', 47, NULL, 1, '2025-06-23 11:46:51'),
(345, 4, 'Incident #47 has been confirmed as fixed.', 47, NULL, 1, '2025-06-23 11:47:09'),
(346, 1, 'New incident reported', 48, NULL, 1, '2025-06-23 11:51:52'),
(347, 47, 'New incident reported', 48, NULL, 1, '2025-06-23 11:51:52'),
(348, 50, 'New incident reported', 48, NULL, 1, '2025-06-23 11:51:52'),
(349, 61, 'New incident reported', 48, NULL, 1, '2025-06-23 11:51:52'),
(350, 63, 'New incident reported', 48, NULL, 1, '2025-06-23 11:51:52'),
(351, 3, 'You have been assigned to an incident', 48, NULL, 1, '2025-06-23 11:51:52'),
(352, 57, 'Your incident (ID: 48) has been marked as fixed.', 48, NULL, 1, '2025-06-23 11:53:59'),
(353, 3, 'Incident #48 has been confirmed as fixed.', 48, NULL, 1, '2025-06-23 11:55:21'),
(354, 1, 'New incident reported', 49, NULL, 1, '2025-06-23 12:17:56'),
(355, 47, 'New incident reported', 49, NULL, 1, '2025-06-23 12:17:56'),
(356, 50, 'New incident reported', 49, NULL, 1, '2025-06-23 12:17:56'),
(357, 61, 'New incident reported', 49, NULL, 1, '2025-06-23 12:17:56'),
(358, 63, 'New incident reported', 49, NULL, 1, '2025-06-23 12:17:56'),
(359, 4, 'You have been assigned to an incident', 49, NULL, 1, '2025-06-23 12:17:56'),
(360, 49, 'Your incident (ID: 49) has been marked as fixed.', 49, NULL, 1, '2025-06-23 12:22:01'),
(361, 4, 'Incident #49 has been confirmed as fixed.', 49, NULL, 1, '2025-06-23 12:22:11'),
(362, 4, 'Incident #21 has been confirmed as fixed.', 21, NULL, 1, '2025-06-23 12:31:43'),
(363, 4, 'Incident #21 has been confirmed as fixed.', 21, NULL, 1, '2025-06-23 12:31:43'),
(364, 4, 'Incident #21 has been confirmed as fixed.', 21, NULL, 1, '2025-06-23 12:31:43'),
(365, 4, 'Incident #21 has been confirmed as fixed.', 21, NULL, 1, '2025-06-23 12:31:43'),
(366, 4, 'Incident #21 has been confirmed as fixed.', 21, NULL, 1, '2025-06-23 12:31:43'),
(367, 4, 'Incident #21 has been confirmed as fixed.', 21, NULL, 1, '2025-06-23 12:31:43'),
(368, 4, 'Incident #21 has been confirmed as fixed.', 21, NULL, 1, '2025-06-23 12:31:43'),
(369, 1, 'New incident reported', 50, NULL, 1, '2025-06-23 12:33:43'),
(370, 47, 'New incident reported', 50, NULL, 1, '2025-06-23 12:33:43'),
(371, 50, 'New incident reported', 50, NULL, 1, '2025-06-23 12:33:43'),
(372, 61, 'New incident reported', 50, NULL, 1, '2025-06-23 12:33:43'),
(373, 63, 'New incident reported', 50, NULL, 1, '2025-06-23 12:33:43'),
(374, 4, 'You have been assigned to an incident', 50, NULL, 1, '2025-06-23 12:33:43'),
(375, 9, 'Your incident (ID: 50) has been marked as fixed.', 50, NULL, 1, '2025-06-23 12:36:55'),
(376, 4, 'Incident #50 has been confirmed as fixed.', 50, NULL, 1, '2025-06-23 12:38:03'),
(377, 1, 'New incident reported', 51, NULL, 1, '2025-06-24 07:08:56'),
(378, 47, 'New incident reported', 51, NULL, 1, '2025-06-24 07:08:56'),
(379, 50, 'New incident reported', 51, NULL, 1, '2025-06-24 07:08:56'),
(380, 61, 'New incident reported', 51, NULL, 1, '2025-06-24 07:08:56'),
(381, 63, 'New incident reported', 51, NULL, 1, '2025-06-24 07:08:56'),
(382, 5, 'You have been assigned to an incident', 51, NULL, 1, '2025-06-24 07:08:56'),
(383, 32, 'Your incident (ID: 51) has been marked as fixed.', 51, NULL, 1, '2025-06-24 07:10:30'),
(384, 5, 'Incident #51 has been confirmed as fixed.', 51, NULL, 1, '2025-06-24 07:10:40'),
(385, 1, 'New incident reported', 52, NULL, 1, '2025-06-24 08:22:55'),
(386, 47, 'New incident reported', 52, NULL, 1, '2025-06-24 08:22:55'),
(387, 50, 'New incident reported', 52, NULL, 1, '2025-06-24 08:22:55'),
(388, 61, 'New incident reported', 52, NULL, 1, '2025-06-24 08:22:55'),
(389, 63, 'New incident reported', 52, NULL, 1, '2025-06-24 08:22:55'),
(390, 3, 'You have been assigned to an incident', 52, NULL, 1, '2025-06-24 08:22:55'),
(391, 1, 'Mengistu Ferdie asked for support for incident 52', 52, NULL, 1, '2025-06-24 08:24:29'),
(392, 47, 'Mengistu Ferdie asked for support for incident 52', 52, NULL, 1, '2025-06-24 08:24:29'),
(393, 50, 'Mengistu Ferdie asked for support for incident 52', 52, NULL, 1, '2025-06-24 08:24:29'),
(394, 61, 'Mengistu Ferdie asked for support for incident 52', 52, NULL, 1, '2025-06-24 08:24:29'),
(395, 63, 'Mengistu Ferdie asked for support for incident 52', 52, NULL, 1, '2025-06-24 08:24:29'),
(396, 4, 'Incident #2 has been confirmed as fixed.', 2, NULL, 1, '2025-06-24 10:39:51'),
(397, 3, 'Incident #26 has been confirmed as fixed.', 26, NULL, 1, '2025-06-24 10:39:52'),
(398, 1, 'New incident reported', 53, NULL, 1, '2025-06-24 10:40:50'),
(399, 47, 'New incident reported', 53, NULL, 1, '2025-06-24 10:40:50'),
(400, 50, 'New incident reported', 53, NULL, 1, '2025-06-24 10:40:50'),
(401, 61, 'New incident reported', 53, NULL, 1, '2025-06-24 10:40:50'),
(402, 63, 'New incident reported', 53, NULL, 1, '2025-06-24 10:40:50'),
(403, 5, 'You have been assigned to an incident', 53, NULL, 1, '2025-06-24 10:40:50'),
(404, 46, 'Your incident (ID: 53) has been marked as fixed.', 53, NULL, 1, '2025-06-24 10:41:32'),
(405, 5, 'Incident #53 has been confirmed as fixed.', 53, NULL, 1, '2025-06-24 10:41:41'),
(406, 1, 'New incident reported', 54, NULL, 1, '2025-06-24 13:34:30'),
(407, 47, 'New incident reported', 54, NULL, 1, '2025-06-24 13:34:30'),
(408, 50, 'New incident reported', 54, NULL, 1, '2025-06-24 13:34:30'),
(409, 61, 'New incident reported', 54, NULL, 1, '2025-06-24 13:34:30'),
(410, 63, 'New incident reported', 54, NULL, 1, '2025-06-24 13:34:30'),
(411, 5, 'You have been assigned to an incident', 54, NULL, 1, '2025-06-24 13:38:35'),
(412, 41, 'Your incident (ID: 54) has been marked as fixed.', 54, NULL, 1, '2025-06-24 13:39:47'),
(413, 5, 'Incident #54 has been confirmed as fixed.', 54, NULL, 1, '2025-06-24 13:39:57'),
(414, 1, 'New incident reported', 55, NULL, 1, '2025-06-25 07:37:59'),
(415, 47, 'New incident reported', 55, NULL, 1, '2025-06-25 07:37:59'),
(416, 50, 'New incident reported', 55, NULL, 1, '2025-06-25 07:37:59'),
(417, 61, 'New incident reported', 55, NULL, 1, '2025-06-25 07:37:59'),
(418, 63, 'New incident reported', 55, NULL, 1, '2025-06-25 07:37:59'),
(419, 5, 'You have been assigned to an incident', 55, NULL, 1, '2025-06-25 07:37:59'),
(420, 52, 'Your incident (ID: 55) has been marked as fixed.', 55, NULL, 1, '2025-06-25 07:39:22'),
(421, 5, 'Incident #55 has been confirmed as fixed.', 55, NULL, 1, '2025-06-25 07:39:37'),
(422, 1, 'New incident reported', 56, NULL, 1, '2025-06-25 07:43:00'),
(423, 47, 'New incident reported', 56, NULL, 1, '2025-06-25 07:43:00'),
(424, 50, 'New incident reported', 56, NULL, 1, '2025-06-25 07:43:00'),
(425, 61, 'New incident reported', 56, NULL, 1, '2025-06-25 07:43:00'),
(426, 63, 'New incident reported', 56, NULL, 1, '2025-06-25 07:43:00'),
(427, 4, 'You have been assigned to an incident', 56, NULL, 1, '2025-06-25 07:43:00'),
(428, 54, 'Your incident (ID: 56) has been marked as fixed.', 56, NULL, 1, '2025-06-25 07:46:42'),
(429, 4, 'Incident #56 has been confirmed as fixed.', 56, NULL, 1, '2025-06-25 07:46:52'),
(430, 1, 'New incident reported', 57, NULL, 1, '2025-06-25 11:40:20'),
(431, 47, 'New incident reported', 57, NULL, 1, '2025-06-25 11:40:20'),
(432, 50, 'New incident reported', 57, NULL, 1, '2025-06-25 11:40:20'),
(433, 61, 'New incident reported', 57, NULL, 1, '2025-06-25 11:40:20'),
(434, 63, 'New incident reported', 57, NULL, 1, '2025-06-25 11:40:20'),
(435, 3, 'You have been assigned to an incident', 57, NULL, 1, '2025-06-25 11:40:20'),
(436, 57, 'Your incident (ID: 57) has been marked as fixed.', 57, NULL, 1, '2025-06-25 11:41:57'),
(437, 3, 'Incident #57 has been confirmed as fixed.', 57, NULL, 1, '2025-06-25 11:42:46'),
(438, 1, 'New incident reported', 58, NULL, 1, '2025-06-25 11:57:05'),
(439, 47, 'New incident reported', 58, NULL, 1, '2025-06-25 11:57:05'),
(440, 50, 'New incident reported', 58, NULL, 1, '2025-06-25 11:57:05'),
(441, 61, 'New incident reported', 58, NULL, 1, '2025-06-25 11:57:05'),
(442, 63, 'New incident reported', 58, NULL, 1, '2025-06-25 11:57:05'),
(443, 4, 'You have been assigned to an incident', 58, NULL, 1, '2025-06-25 11:57:05'),
(444, 49, 'Your incident (ID: 58) has been marked as fixed.', 58, NULL, 1, '2025-06-25 11:59:05'),
(445, 4, 'Incident #58 has been confirmed as fixed.', 58, NULL, 1, '2025-06-25 11:59:15'),
(446, 1, 'New incident reported', 59, NULL, 1, '2025-06-25 12:15:12'),
(447, 47, 'New incident reported', 59, NULL, 1, '2025-06-25 12:15:12'),
(448, 50, 'New incident reported', 59, NULL, 1, '2025-06-25 12:15:12'),
(449, 61, 'New incident reported', 59, NULL, 1, '2025-06-25 12:15:12'),
(450, 63, 'New incident reported', 59, NULL, 1, '2025-06-25 12:15:12'),
(451, 2, 'You have been assigned to an incident', 59, NULL, 1, '2025-06-25 12:15:12'),
(452, 4, 'You have been assigned to an incident', 59, NULL, 1, '2025-06-25 12:15:36'),
(453, 59, 'Your incident (ID: 59) has been marked as fixed.', 59, NULL, 1, '2025-06-25 12:18:00'),
(454, 1, 'New incident reported', 60, NULL, 1, '2025-06-25 13:38:58'),
(455, 47, 'New incident reported', 60, NULL, 1, '2025-06-25 13:38:58'),
(456, 50, 'New incident reported', 60, NULL, 1, '2025-06-25 13:38:58'),
(457, 61, 'New incident reported', 60, NULL, 1, '2025-06-25 13:38:58'),
(458, 63, 'New incident reported', 60, NULL, 1, '2025-06-25 13:38:58'),
(459, 4, 'You have been assigned to an incident', 60, NULL, 1, '2025-06-25 13:38:58'),
(460, 34, 'Your incident (ID: 60) has been marked as fixed.', 60, NULL, 1, '2025-06-25 13:39:33'),
(461, 4, 'Incident #60 has been confirmed as fixed.', 60, NULL, 1, '2025-06-25 13:39:52'),
(462, 59, 'Your incident (ID: 22) has been marked as fixed.', 22, NULL, 1, '2025-06-26 08:04:11'),
(463, 1, 'New incident reported', 61, NULL, 1, '2025-06-26 08:52:57'),
(464, 47, 'New incident reported', 61, NULL, 1, '2025-06-26 08:52:57'),
(465, 50, 'New incident reported', 61, NULL, 1, '2025-06-26 08:52:57'),
(466, 61, 'New incident reported', 61, NULL, 1, '2025-06-26 08:52:57'),
(467, 63, 'New incident reported', 61, NULL, 1, '2025-06-26 08:52:57'),
(468, 3, 'You have been assigned to an incident', 61, NULL, 1, '2025-06-26 08:52:57'),
(469, 19, 'Your incident (ID: 61) has been marked as fixed.', 61, NULL, 1, '2025-06-26 08:53:53'),
(470, 3, 'Incident #61 has been confirmed as fixed.', 61, NULL, 1, '2025-06-26 08:54:12'),
(471, 1, 'Incident #61 has been reopened.', 61, NULL, 1, '2025-06-26 08:54:20'),
(472, 47, 'Incident #61 has been reopened.', 61, NULL, 1, '2025-06-26 08:54:20'),
(473, 50, 'Incident #61 has been reopened.', 61, NULL, 1, '2025-06-26 08:54:20'),
(474, 61, 'Incident #61 has been reopened.', 61, NULL, 1, '2025-06-26 08:54:20'),
(475, 63, 'Incident #61 has been reopened.', 61, NULL, 1, '2025-06-26 08:54:20'),
(476, 3, 'Incident #61 has been reopened.', 61, NULL, 1, '2025-06-26 08:54:20'),
(477, 19, 'Your incident (ID: 61) has been marked as fixed.', 61, NULL, 1, '2025-06-26 08:55:01'),
(478, 3, 'Incident #61 has been confirmed as fixed.', 61, NULL, 1, '2025-06-26 08:55:49'),
(479, 1, 'New incident reported', 62, NULL, 1, '2025-06-26 11:30:30'),
(480, 47, 'New incident reported', 62, NULL, 1, '2025-06-26 11:30:30'),
(481, 50, 'New incident reported', 62, NULL, 1, '2025-06-26 11:30:30'),
(482, 61, 'New incident reported', 62, NULL, 1, '2025-06-26 11:30:30'),
(483, 63, 'New incident reported', 62, NULL, 1, '2025-06-26 11:30:30'),
(484, 2, 'You have been assigned to an incident', 62, NULL, 1, '2025-06-26 11:30:30'),
(485, 29, 'Your incident (ID: 62) has been marked as pending.', 62, NULL, 1, '2025-06-26 11:35:39'),
(486, 1, 'New incident reported', 63, NULL, 1, '2025-06-26 12:22:22'),
(487, 47, 'New incident reported', 63, NULL, 1, '2025-06-26 12:22:22'),
(488, 50, 'New incident reported', 63, NULL, 1, '2025-06-26 12:22:22'),
(489, 61, 'New incident reported', 63, NULL, 1, '2025-06-26 12:22:22'),
(490, 63, 'New incident reported', 63, NULL, 1, '2025-06-26 12:22:22'),
(491, 2, 'You have been assigned to an incident', 63, NULL, 1, '2025-06-26 12:22:22'),
(492, 1, 'New incident reported', 64, NULL, 1, '2025-06-26 12:26:04'),
(493, 47, 'New incident reported', 64, NULL, 1, '2025-06-26 12:26:04'),
(494, 50, 'New incident reported', 64, NULL, 1, '2025-06-26 12:26:04'),
(495, 61, 'New incident reported', 64, NULL, 1, '2025-06-26 12:26:04'),
(496, 63, 'New incident reported', 64, NULL, 1, '2025-06-26 12:26:04'),
(497, 2, 'You have been assigned to an incident', 64, NULL, 1, '2025-06-26 12:26:04'),
(498, 59, 'Your incident (ID: 63) has been marked as fixed.', 63, NULL, 1, '2025-06-26 12:37:13'),
(499, 59, 'Your incident (ID: 63) has been marked as pending.', 63, NULL, 1, '2025-06-26 12:38:14'),
(500, 29, 'Your incident (ID: 62) has been marked as fixed.', 62, NULL, 1, '2025-06-26 12:39:03'),
(501, 29, 'Your incident (ID: 62) has been marked as fixed.', 62, NULL, 1, '2025-06-26 12:39:44'),
(502, 62, 'You have been assigned to an incident', 64, NULL, 1, '2025-06-26 12:48:42'),
(503, 62, 'You have been assigned to an incident', 63, NULL, 1, '2025-06-26 12:49:12'),
(504, 2, 'Incident #62 has been confirmed as fixed.', 62, NULL, 1, '2025-06-26 12:51:11'),
(505, 1, 'New incident reported', 65, NULL, 1, '2025-06-26 13:05:39'),
(506, 47, 'New incident reported', 65, NULL, 1, '2025-06-26 13:05:39'),
(507, 50, 'New incident reported', 65, NULL, 1, '2025-06-26 13:05:39'),
(508, 61, 'New incident reported', 65, NULL, 1, '2025-06-26 13:05:39'),
(509, 63, 'New incident reported', 65, NULL, 1, '2025-06-26 13:05:39'),
(510, 4, 'You have been assigned to an incident', 65, NULL, 1, '2025-06-26 13:05:39'),
(511, 54, 'Your incident (ID: 65) has been marked as fixed.', 65, NULL, 1, '2025-06-26 13:06:15'),
(512, 4, 'Incident #65 has been confirmed as fixed.', 65, NULL, 1, '2025-06-26 13:06:29'),
(513, 1, 'New incident reported', 66, NULL, 1, '2025-06-26 13:19:43'),
(514, 47, 'New incident reported', 66, NULL, 1, '2025-06-26 13:19:43'),
(515, 50, 'New incident reported', 66, NULL, 1, '2025-06-26 13:19:43'),
(516, 61, 'New incident reported', 66, NULL, 1, '2025-06-26 13:19:43'),
(517, 63, 'New incident reported', 66, NULL, 1, '2025-06-26 13:19:43'),
(518, 4, 'You have been assigned to an incident', 66, NULL, 1, '2025-06-26 13:19:43'),
(519, 1, 'New incident reported', 67, NULL, 1, '2025-06-26 13:26:19'),
(520, 47, 'New incident reported', 67, NULL, 1, '2025-06-26 13:26:19'),
(521, 50, 'New incident reported', 67, NULL, 1, '2025-06-26 13:26:19'),
(522, 61, 'New incident reported', 67, NULL, 1, '2025-06-26 13:26:19'),
(523, 63, 'New incident reported', 67, NULL, 1, '2025-06-26 13:26:19'),
(524, 3, 'You have been assigned to an incident', 67, NULL, 1, '2025-06-26 13:26:19'),
(525, 57, 'Your incident (ID: 67) has been marked as fixed.', 67, NULL, 1, '2025-06-26 13:27:03'),
(526, 3, 'Incident #67 has been confirmed as fixed.', 67, NULL, 1, '2025-06-26 13:27:17'),
(527, 59, 'Your incident (ID: 64) has been marked as fixed.', 64, NULL, 1, '2025-06-26 13:34:20'),
(528, 5, 'You have been assigned to an incident', 52, NULL, 1, '2025-06-26 13:48:13'),
(529, 13, 'Your incident (ID: 52) has been marked as fixed.', 52, NULL, 1, '2025-06-26 13:50:44'),
(530, 5, 'Incident #52 has been confirmed as fixed.', 52, NULL, 1, '2025-06-26 13:51:28'),
(531, 59, 'Your incident (ID: 63) has been marked as pending.', 63, NULL, 1, '2025-06-27 06:00:30'),
(532, 12, 'Your incident (ID: 66) has been marked as fixed.', 66, NULL, 1, '2025-06-27 06:03:32'),
(533, 4, 'Incident #66 has been confirmed as fixed.', 66, NULL, 1, '2025-06-27 06:03:55'),
(534, 1, 'New incident reported', 68, NULL, 1, '2025-06-27 06:04:53'),
(535, 47, 'New incident reported', 68, NULL, 1, '2025-06-27 06:04:53'),
(536, 50, 'New incident reported', 68, NULL, 1, '2025-06-27 06:04:53'),
(537, 61, 'New incident reported', 68, NULL, 1, '2025-06-27 06:04:53'),
(538, 63, 'New incident reported', 68, NULL, 1, '2025-06-27 06:04:53'),
(539, 4, 'You have been assigned to an incident', 68, NULL, 1, '2025-06-27 06:04:53'),
(540, 12, 'Your incident (ID: 68) has been marked as fixed.', 68, NULL, 1, '2025-06-27 06:05:34'),
(541, 4, 'Incident #68 has been confirmed as fixed.', 68, NULL, 1, '2025-06-27 06:05:46'),
(542, 1, 'New incident reported', 69, NULL, 1, '2025-06-27 06:31:51'),
(543, 47, 'New incident reported', 69, NULL, 1, '2025-06-27 06:31:51'),
(544, 50, 'New incident reported', 69, NULL, 1, '2025-06-27 06:31:51'),
(545, 61, 'New incident reported', 69, NULL, 1, '2025-06-27 06:31:51'),
(546, 63, 'New incident reported', 69, NULL, 1, '2025-06-27 06:31:51'),
(547, 4, 'You have been assigned to an incident', 69, NULL, 1, '2025-06-27 06:31:51'),
(548, 9, 'Your incident (ID: 69) has been marked as fixed.', 69, NULL, 1, '2025-06-27 06:32:32'),
(549, 4, 'Incident #69 has been confirmed as fixed.', 69, NULL, 1, '2025-06-27 06:32:39'),
(550, 1, 'New incident reported', 70, NULL, 1, '2025-06-27 07:56:15'),
(551, 47, 'New incident reported', 70, NULL, 1, '2025-06-27 07:56:15'),
(552, 50, 'New incident reported', 70, NULL, 1, '2025-06-27 07:56:15'),
(553, 61, 'New incident reported', 70, NULL, 1, '2025-06-27 07:56:15'),
(554, 63, 'New incident reported', 70, NULL, 1, '2025-06-27 07:56:15'),
(555, 5, 'You have been assigned to an incident', 70, NULL, 1, '2025-06-27 07:56:15'),
(556, 10, 'Your incident (ID: 70) has been marked as fixed.', 70, NULL, 1, '2025-06-27 07:58:34'),
(557, 1, 'New incident reported', 71, NULL, 1, '2025-06-27 08:26:31'),
(558, 47, 'New incident reported', 71, NULL, 1, '2025-06-27 08:26:31'),
(559, 50, 'New incident reported', 71, NULL, 1, '2025-06-27 08:26:31'),
(560, 61, 'New incident reported', 71, NULL, 1, '2025-06-27 08:26:31'),
(561, 63, 'New incident reported', 71, NULL, 1, '2025-06-27 08:26:31'),
(562, 2, 'You have been assigned to an incident', 71, NULL, 1, '2025-06-27 08:26:31'),
(563, 1, 'New incident reported', 72, NULL, 1, '2025-06-27 08:31:29'),
(564, 47, 'New incident reported', 72, NULL, 1, '2025-06-27 08:31:29'),
(565, 50, 'New incident reported', 72, NULL, 1, '2025-06-27 08:31:29'),
(566, 61, 'New incident reported', 72, NULL, 1, '2025-06-27 08:31:29'),
(567, 63, 'New incident reported', 72, NULL, 1, '2025-06-27 08:31:29'),
(568, 2, 'You have been assigned to an incident', 72, NULL, 1, '2025-06-27 08:31:29'),
(569, 62, 'You have been assigned to an incident', 72, NULL, 1, '2025-06-27 08:50:52'),
(570, 62, 'You have been assigned to an incident', 72, NULL, 1, '2025-06-27 08:50:55'),
(571, 62, 'You have been assigned to an incident', 71, NULL, 1, '2025-06-27 08:51:04'),
(572, 5, 'Incident #70 has been confirmed as fixed.', 70, NULL, 1, '2025-06-27 09:45:39'),
(573, 59, 'Your incident (ID: 72) has been marked as pending.', 72, NULL, 1, '2025-06-27 10:20:08'),
(574, 59, 'Your incident (ID: 71) has been marked as pending.', 71, NULL, 1, '2025-06-27 10:20:18'),
(575, 1, 'New incident reported', 73, NULL, 1, '2025-06-27 12:27:07'),
(576, 47, 'New incident reported', 73, NULL, 1, '2025-06-27 12:27:07'),
(577, 50, 'New incident reported', 73, NULL, 1, '2025-06-27 12:27:07'),
(578, 61, 'New incident reported', 73, NULL, 1, '2025-06-27 12:27:07'),
(579, 63, 'New incident reported', 73, NULL, 1, '2025-06-27 12:27:07'),
(580, 3, 'You have been assigned to an incident', 73, NULL, 1, '2025-06-27 12:27:07'),
(581, 22, 'Your incident (ID: 73) has been marked as fixed.', 73, NULL, 1, '2025-06-27 12:30:58'),
(582, 3, 'Incident #73 has been confirmed as fixed.', 73, NULL, 1, '2025-06-27 12:31:24'),
(583, 1, 'New incident reported', 74, NULL, 1, '2025-06-27 12:32:44'),
(584, 47, 'New incident reported', 74, NULL, 1, '2025-06-27 12:32:44'),
(585, 50, 'New incident reported', 74, NULL, 1, '2025-06-27 12:32:44'),
(586, 61, 'New incident reported', 74, NULL, 1, '2025-06-27 12:32:44'),
(587, 63, 'New incident reported', 74, NULL, 1, '2025-06-27 12:32:44'),
(588, 3, 'You have been assigned to an incident', 74, NULL, 1, '2025-06-27 12:32:44'),
(589, 19, 'Your incident (ID: 74) has been marked as fixed.', 74, NULL, 1, '2025-06-27 12:33:30'),
(590, 3, 'Incident #74 has been confirmed as fixed.', 74, NULL, 1, '2025-06-27 12:33:50'),
(591, 1, 'New incident reported', 75, NULL, 1, '2025-06-27 12:52:16'),
(592, 47, 'New incident reported', 75, NULL, 1, '2025-06-27 12:52:16'),
(593, 50, 'New incident reported', 75, NULL, 1, '2025-06-27 12:52:16'),
(594, 61, 'New incident reported', 75, NULL, 1, '2025-06-27 12:52:16'),
(595, 63, 'New incident reported', 75, NULL, 1, '2025-06-27 12:52:16'),
(596, 3, 'You have been assigned to an incident', 75, NULL, 1, '2025-06-27 12:52:16'),
(597, 3, 'You have been assigned to an incident', 75, NULL, 1, '2025-06-27 12:55:05'),
(598, 57, 'Your incident (ID: 75) has been marked as fixed.', 75, NULL, 1, '2025-06-27 12:56:24'),
(599, 3, 'Incident #75 has been confirmed as fixed.', 75, NULL, 1, '2025-06-27 12:56:42'),
(600, 59, 'Your incident (ID: 72) has been marked as fixed.', 72, NULL, 1, '2025-06-28 05:29:16'),
(601, 59, 'Your incident (ID: 9) has been marked as fixed.', 9, NULL, 1, '2025-06-28 05:55:46'),
(602, 1, 'New incident reported', 76, NULL, 1, '2025-06-28 07:39:08'),
(603, 47, 'New incident reported', 76, NULL, 1, '2025-06-28 07:39:08'),
(604, 50, 'New incident reported', 76, NULL, 1, '2025-06-28 07:39:08'),
(605, 61, 'New incident reported', 76, NULL, 1, '2025-06-28 07:39:08'),
(606, 63, 'New incident reported', 76, NULL, 1, '2025-06-28 07:39:08'),
(607, 4, 'You have been assigned to an incident', 76, NULL, 1, '2025-06-28 07:39:08'),
(608, 34, 'Your incident (ID: 76) has been marked as fixed.', 76, NULL, 1, '2025-06-28 07:40:03'),
(609, 4, 'Incident #76 has been confirmed as fixed.', 76, NULL, 1, '2025-06-28 07:40:11'),
(610, 1, 'New incident reported', 77, NULL, 1, '2025-06-28 07:41:27'),
(611, 47, 'New incident reported', 77, NULL, 1, '2025-06-28 07:41:27'),
(612, 50, 'New incident reported', 77, NULL, 1, '2025-06-28 07:41:27'),
(613, 61, 'New incident reported', 77, NULL, 1, '2025-06-28 07:41:27'),
(614, 63, 'New incident reported', 77, NULL, 1, '2025-06-28 07:41:27'),
(615, 4, 'You have been assigned to an incident', 77, NULL, 1, '2025-06-28 07:41:27'),
(616, 54, 'Your incident (ID: 77) has been marked as fixed.', 77, NULL, 1, '2025-06-28 07:42:47'),
(617, 4, 'Incident #77 has been confirmed as fixed.', 77, NULL, 1, '2025-06-28 07:42:56'),
(618, 59, 'Your incident (ID: 63) has been marked as fixed.', 63, NULL, 1, '2025-06-28 12:16:34'),
(619, 59, 'Your incident (ID: 38) has been marked as fixed.', 38, NULL, 1, '2025-06-28 12:17:09'),
(620, 59, 'Your incident (ID: 10) has been marked as fixed.', 10, NULL, 1, '2025-06-28 13:02:53'),
(621, 59, 'Your incident (ID: 23) has been marked as fixed.', 23, NULL, 1, '2025-06-28 13:24:16'),
(622, 59, 'Your incident (ID: 71) has been marked as pending.', 71, NULL, 1, '2025-06-28 14:07:33'),
(623, 59, 'Your incident (ID: 71) has been marked as fixed.', 71, NULL, 1, '2025-06-28 14:07:55'),
(624, 59, 'Your incident (ID: 8) has been marked as not fixed.', 8, NULL, 1, '2025-06-28 14:08:47'),
(625, 59, 'Your incident (ID: 8) has been marked as not fixed.', 8, NULL, 1, '2025-06-28 14:09:29'),
(626, 59, 'Your incident (ID: 8) has been marked as fixed.', 8, NULL, 1, '2025-06-28 14:10:43'),
(627, 59, 'Your incident (ID: 40) has been marked as pending.', 40, NULL, 1, '2025-06-28 14:23:38'),
(628, 59, 'Your incident (ID: 40) has been marked as fixed.', 40, NULL, 1, '2025-06-28 14:24:27'),
(629, 53, 'Your incident (ID: 13) has been marked as not fixed.', 13, NULL, 1, '2025-06-28 14:24:47'),
(630, 53, 'Your incident (ID: 13) has been marked as fixed.', 13, NULL, 1, '2025-06-30 05:47:53'),
(631, 59, 'Your incident (ID: 71) has been marked as fixed.', 71, NULL, 1, '2025-06-30 05:58:40'),
(632, 1, 'New incident reported', 78, NULL, 1, '2025-06-30 06:19:51'),
(633, 47, 'New incident reported', 78, NULL, 1, '2025-06-30 06:19:51'),
(634, 50, 'New incident reported', 78, NULL, 1, '2025-06-30 06:19:51'),
(635, 61, 'New incident reported', 78, NULL, 1, '2025-06-30 06:19:51');
INSERT INTO `notifications` (`id`, `user_id`, `message`, `related_incident_id`, `related_project_id`, `is_seen`, `created_at`) VALUES
(636, 63, 'New incident reported', 78, NULL, 1, '2025-06-30 06:19:51'),
(637, 4, 'You have been assigned to an incident', 78, NULL, 1, '2025-06-30 06:19:51'),
(638, 54, 'Your incident (ID: 78) has been marked as fixed.', 78, NULL, 1, '2025-06-30 06:21:11'),
(639, 4, 'Incident #78 has been confirmed as fixed.', 78, NULL, 1, '2025-06-30 06:21:22'),
(640, 1, 'New incident reported', 79, NULL, 1, '2025-06-30 08:20:39'),
(641, 47, 'New incident reported', 79, NULL, 1, '2025-06-30 08:20:39'),
(642, 50, 'New incident reported', 79, NULL, 1, '2025-06-30 08:20:39'),
(643, 61, 'New incident reported', 79, NULL, 1, '2025-06-30 08:20:39'),
(644, 63, 'New incident reported', 79, NULL, 1, '2025-06-30 08:20:39'),
(645, 4, 'You have been assigned to an incident', 79, NULL, 1, '2025-06-30 08:20:39'),
(646, 54, 'Your incident (ID: 79) has been marked as fixed.', 79, NULL, 1, '2025-06-30 08:23:17'),
(647, 4, 'Incident #79 has been confirmed as fixed.', 79, NULL, 1, '2025-06-30 08:23:26'),
(648, 1, 'New incident reported', 80, NULL, 1, '2025-06-30 08:24:01'),
(649, 47, 'New incident reported', 80, NULL, 1, '2025-06-30 08:24:01'),
(650, 50, 'New incident reported', 80, NULL, 1, '2025-06-30 08:24:01'),
(651, 61, 'New incident reported', 80, NULL, 1, '2025-06-30 08:24:01'),
(652, 63, 'New incident reported', 80, NULL, 1, '2025-06-30 08:24:01'),
(653, 4, 'You have been assigned to an incident', 80, NULL, 1, '2025-06-30 08:24:01'),
(654, 12, 'Your incident (ID: 80) has been marked as fixed.', 80, NULL, 1, '2025-06-30 08:24:30'),
(655, 4, 'Incident #80 has been confirmed as fixed.', 80, NULL, 1, '2025-06-30 08:24:41'),
(656, 1, 'New incident reported', 81, NULL, 1, '2025-06-30 08:27:08'),
(657, 47, 'New incident reported', 81, NULL, 1, '2025-06-30 08:27:08'),
(658, 50, 'New incident reported', 81, NULL, 1, '2025-06-30 08:27:08'),
(659, 61, 'New incident reported', 81, NULL, 1, '2025-06-30 08:27:08'),
(660, 63, 'New incident reported', 81, NULL, 1, '2025-06-30 08:27:08'),
(661, 4, 'You have been assigned to an incident', 81, NULL, 1, '2025-06-30 08:27:08'),
(662, 21, 'Your incident (ID: 81) has been marked as fixed.', 81, NULL, 1, '2025-06-30 08:27:41'),
(663, 4, 'Incident #81 has been confirmed as fixed.', 81, NULL, 1, '2025-06-30 08:27:50'),
(664, 1, 'New incident reported', 82, NULL, 1, '2025-07-01 08:09:01'),
(665, 47, 'New incident reported', 82, NULL, 1, '2025-07-01 08:09:01'),
(666, 50, 'New incident reported', 82, NULL, 1, '2025-07-01 08:09:01'),
(667, 61, 'New incident reported', 82, NULL, 1, '2025-07-01 08:09:01'),
(668, 63, 'New incident reported', 82, NULL, 1, '2025-07-01 08:09:01'),
(669, 3, 'You have been assigned to an incident', 82, NULL, 1, '2025-07-01 08:09:01'),
(670, 1, 'New incident reported', 83, NULL, 1, '2025-07-01 08:13:14'),
(671, 47, 'New incident reported', 83, NULL, 1, '2025-07-01 08:13:14'),
(672, 50, 'New incident reported', 83, NULL, 1, '2025-07-01 08:13:14'),
(673, 61, 'New incident reported', 83, NULL, 1, '2025-07-01 08:13:14'),
(674, 63, 'New incident reported', 83, NULL, 1, '2025-07-01 08:13:14'),
(675, 1, 'New incident reported', 84, NULL, 1, '2025-07-01 08:33:38'),
(676, 47, 'New incident reported', 84, NULL, 1, '2025-07-01 08:33:38'),
(677, 50, 'New incident reported', 84, NULL, 1, '2025-07-01 08:33:38'),
(678, 61, 'New incident reported', 84, NULL, 1, '2025-07-01 08:33:38'),
(679, 63, 'New incident reported', 84, NULL, 1, '2025-07-01 08:33:38'),
(680, 4, 'You have been assigned to an incident', 84, NULL, 1, '2025-07-01 08:33:38'),
(681, 25, 'Your incident (ID: 84) has been marked as fixed.', 84, NULL, 1, '2025-07-01 08:34:26'),
(682, 4, 'Incident #84 has been confirmed as fixed.', 84, NULL, 1, '2025-07-01 08:34:43'),
(683, 3, 'You have been assigned to an incident', 83, NULL, 1, '2025-07-01 08:50:20'),
(684, 19, 'Your incident (ID: 82) has been marked as fixed.', 82, NULL, 1, '2025-07-01 12:00:21'),
(685, 3, 'Incident #82 has been confirmed as fixed.', 82, NULL, 1, '2025-07-01 12:00:45'),
(686, 1, 'New incident reported', 85, NULL, 1, '2025-07-01 13:36:18'),
(687, 47, 'New incident reported', 85, NULL, 1, '2025-07-01 13:36:18'),
(688, 50, 'New incident reported', 85, NULL, 1, '2025-07-01 13:36:18'),
(689, 61, 'New incident reported', 85, NULL, 1, '2025-07-01 13:36:18'),
(690, 63, 'New incident reported', 85, NULL, 1, '2025-07-01 13:36:18'),
(691, 27, 'Your incident (ID: 85) has been marked as fixed.', 85, NULL, 1, '2025-07-01 13:38:01'),
(692, 5, 'Incident #85 has been confirmed as fixed.', 85, NULL, 1, '2025-07-01 13:38:13'),
(693, 1, 'New incident reported', 86, NULL, 1, '2025-07-01 13:40:12'),
(694, 47, 'New incident reported', 86, NULL, 1, '2025-07-01 13:40:12'),
(695, 50, 'New incident reported', 86, NULL, 1, '2025-07-01 13:40:12'),
(696, 61, 'New incident reported', 86, NULL, 1, '2025-07-01 13:40:12'),
(697, 63, 'New incident reported', 86, NULL, 1, '2025-07-01 13:40:12'),
(698, 27, 'Your incident (ID: 86) has been marked as fixed.', 86, NULL, 1, '2025-07-01 13:41:38'),
(699, 5, 'Incident #86 has been confirmed as fixed.', 86, NULL, 1, '2025-07-01 13:41:54'),
(700, 4, 'You have been assigned to an incident', 87, NULL, 1, '2025-07-02 06:41:36'),
(701, 1, 'New incident reported', 87, NULL, 1, '2025-07-02 06:41:36'),
(702, 47, 'New incident reported', 87, NULL, 1, '2025-07-02 06:41:36'),
(703, 50, 'New incident reported', 87, NULL, 1, '2025-07-02 06:41:36'),
(704, 61, 'New incident reported', 87, NULL, 1, '2025-07-02 06:41:36'),
(705, 63, 'New incident reported', 87, NULL, 1, '2025-07-02 06:41:36'),
(706, 25, 'Your incident (ID: 87) has been marked as fixed.', 87, NULL, 1, '2025-07-02 06:43:09'),
(707, 4, 'Incident #87 has been confirmed as fixed.', 87, NULL, 1, '2025-07-02 06:43:20'),
(708, 5, 'You have been assigned to an incident', 88, NULL, 1, '2025-07-02 08:15:52'),
(709, 1, 'New incident reported', 88, NULL, 1, '2025-07-02 08:15:52'),
(710, 47, 'New incident reported', 88, NULL, 1, '2025-07-02 08:15:52'),
(711, 50, 'New incident reported', 88, NULL, 1, '2025-07-02 08:15:52'),
(712, 61, 'New incident reported', 88, NULL, 1, '2025-07-02 08:15:52'),
(713, 63, 'New incident reported', 88, NULL, 1, '2025-07-02 08:15:52'),
(714, 27, 'Your incident (ID: 88) has been marked as fixed.', 88, NULL, 1, '2025-07-02 08:16:54'),
(715, 5, 'Incident #88 has been confirmed as fixed.', 88, NULL, 1, '2025-07-02 08:17:03'),
(716, 1, 'New incident reported', 89, NULL, 1, '2025-07-02 11:52:18'),
(717, 47, 'New incident reported', 89, NULL, 1, '2025-07-02 11:52:18'),
(718, 50, 'New incident reported', 89, NULL, 1, '2025-07-02 11:52:18'),
(719, 61, 'New incident reported', 89, NULL, 1, '2025-07-02 11:52:18'),
(720, 63, 'New incident reported', 89, NULL, 1, '2025-07-02 11:52:18'),
(721, 4, 'You have been assigned to an incident', 89, NULL, 1, '2025-07-02 11:52:52'),
(722, 64, 'Your incident (ID: 89) has been marked as fixed.', 89, NULL, 1, '2025-07-02 11:53:42'),
(723, 4, 'Incident #89 has been confirmed as fixed.', 89, NULL, 1, '2025-07-02 11:53:59'),
(724, 4, 'You have been assigned to an incident', 90, NULL, 1, '2025-07-02 11:57:56'),
(725, 1, 'New incident reported', 90, NULL, 1, '2025-07-02 11:57:56'),
(726, 47, 'New incident reported', 90, NULL, 1, '2025-07-02 11:57:56'),
(727, 50, 'New incident reported', 90, NULL, 1, '2025-07-02 11:57:56'),
(728, 61, 'New incident reported', 90, NULL, 1, '2025-07-02 11:57:56'),
(729, 63, 'New incident reported', 90, NULL, 1, '2025-07-02 11:57:56'),
(730, 34, 'Your incident (ID: 90) has been marked as fixed.', 90, NULL, 1, '2025-07-02 11:58:32'),
(731, 4, 'Incident #90 has been confirmed as fixed.', 90, NULL, 1, '2025-07-02 11:58:40'),
(732, 4, 'You have been assigned to an incident', 91, NULL, 1, '2025-07-02 13:10:58'),
(733, 1, 'New incident reported', 91, NULL, 1, '2025-07-02 13:10:58'),
(734, 47, 'New incident reported', 91, NULL, 1, '2025-07-02 13:10:58'),
(735, 50, 'New incident reported', 91, NULL, 1, '2025-07-02 13:10:58'),
(736, 61, 'New incident reported', 91, NULL, 1, '2025-07-02 13:10:58'),
(737, 63, 'New incident reported', 91, NULL, 1, '2025-07-02 13:10:58'),
(738, 25, 'Your incident (ID: 91) has been marked as fixed.', 91, NULL, 1, '2025-07-02 13:11:37'),
(739, 4, 'Incident #91 has been confirmed as fixed.', 91, NULL, 1, '2025-07-02 13:11:47'),
(740, 3, 'You have been assigned to an incident', 92, NULL, 1, '2025-07-03 06:17:37'),
(741, 1, 'New incident reported', 92, NULL, 1, '2025-07-03 06:17:37'),
(742, 47, 'New incident reported', 92, NULL, 1, '2025-07-03 06:17:37'),
(743, 50, 'New incident reported', 92, NULL, 1, '2025-07-03 06:17:37'),
(744, 61, 'New incident reported', 92, NULL, 1, '2025-07-03 06:17:37'),
(745, 63, 'New incident reported', 92, NULL, 1, '2025-07-03 06:17:37'),
(746, 22, 'Your incident (ID: 92) has been marked as fixed.', 92, NULL, 1, '2025-07-03 06:19:10'),
(747, 3, 'Incident #92 has been confirmed as fixed.', 92, NULL, 1, '2025-07-03 06:19:44'),
(748, 4, 'You have been assigned to an incident', 93, NULL, 1, '2025-07-03 07:44:33'),
(749, 1, 'New incident reported', 93, NULL, 1, '2025-07-03 07:44:33'),
(750, 47, 'New incident reported', 93, NULL, 1, '2025-07-03 07:44:33'),
(751, 50, 'New incident reported', 93, NULL, 1, '2025-07-03 07:44:33'),
(752, 61, 'New incident reported', 93, NULL, 1, '2025-07-03 07:44:33'),
(753, 63, 'New incident reported', 93, NULL, 1, '2025-07-03 07:44:33'),
(754, 9, 'Your incident (ID: 93) has been marked as fixed.', 93, NULL, 1, '2025-07-03 07:45:16'),
(755, 4, 'Incident #93 has been confirmed as fixed.', 93, NULL, 1, '2025-07-03 07:45:29'),
(756, 1, 'New incident reported', 94, NULL, 1, '2025-07-03 07:49:01'),
(757, 47, 'New incident reported', 94, NULL, 1, '2025-07-03 07:49:01'),
(758, 50, 'New incident reported', 94, NULL, 1, '2025-07-03 07:49:01'),
(759, 61, 'New incident reported', 94, NULL, 1, '2025-07-03 07:49:01'),
(760, 63, 'New incident reported', 94, NULL, 1, '2025-07-03 07:49:01'),
(761, 4, 'You have been assigned to an incident', 94, NULL, 1, '2025-07-03 07:49:31'),
(762, 46, 'Your incident (ID: 94) has been marked as fixed.', 94, NULL, 1, '2025-07-03 07:50:08'),
(763, 4, 'Incident #94 has been confirmed as fixed.', 94, NULL, 1, '2025-07-03 07:50:27'),
(764, 1, 'New incident reported', 95, NULL, 1, '2025-07-04 06:50:03'),
(765, 47, 'New incident reported', 95, NULL, 1, '2025-07-04 06:50:03'),
(766, 50, 'New incident reported', 95, NULL, 1, '2025-07-04 06:50:03'),
(767, 61, 'New incident reported', 95, NULL, 1, '2025-07-04 06:50:03'),
(768, 63, 'New incident reported', 95, NULL, 1, '2025-07-04 06:50:03'),
(769, 5, 'You have been assigned to an incident', 95, NULL, 1, '2025-07-04 06:53:04'),
(770, 46, 'Your incident (ID: 95) has been marked as fixed.', 95, NULL, 1, '2025-07-04 06:54:21'),
(771, 5, 'Incident #95 has been confirmed as fixed.', 95, NULL, 1, '2025-07-04 06:54:33'),
(772, 3, 'You have been assigned to an incident', 96, NULL, 1, '2025-07-04 07:46:50'),
(773, 1, 'New incident reported', 96, NULL, 1, '2025-07-04 07:46:50'),
(774, 47, 'New incident reported', 96, NULL, 1, '2025-07-04 07:46:50'),
(775, 50, 'New incident reported', 96, NULL, 1, '2025-07-04 07:46:50'),
(776, 61, 'New incident reported', 96, NULL, 1, '2025-07-04 07:46:50'),
(777, 63, 'New incident reported', 96, NULL, 1, '2025-07-04 07:46:50'),
(778, 22, 'Your incident (ID: 96) has been marked as fixed.', 96, NULL, 1, '2025-07-04 07:47:59'),
(779, 3, 'Incident #96 has been confirmed as fixed.', 96, NULL, 1, '2025-07-04 07:48:17'),
(780, 3, 'You have been assigned to an incident', 97, NULL, 1, '2025-07-04 07:55:59'),
(781, 1, 'New incident reported', 97, NULL, 1, '2025-07-04 07:55:59'),
(782, 47, 'New incident reported', 97, NULL, 1, '2025-07-04 07:55:59'),
(783, 50, 'New incident reported', 97, NULL, 1, '2025-07-04 07:55:59'),
(784, 61, 'New incident reported', 97, NULL, 1, '2025-07-04 07:55:59'),
(785, 63, 'New incident reported', 97, NULL, 1, '2025-07-04 07:55:59'),
(786, 57, 'Your incident (ID: 97) has been marked as fixed.', 97, NULL, 1, '2025-07-04 07:57:28'),
(787, 3, 'Incident #97 has been confirmed as fixed.', 97, NULL, 1, '2025-07-04 07:57:51'),
(788, 3, 'You have been assigned to an incident', 98, NULL, 1, '2025-07-04 08:13:26'),
(789, 1, 'New incident reported', 98, NULL, 1, '2025-07-04 08:13:26'),
(790, 47, 'New incident reported', 98, NULL, 1, '2025-07-04 08:13:26'),
(791, 50, 'New incident reported', 98, NULL, 1, '2025-07-04 08:13:26'),
(792, 61, 'New incident reported', 98, NULL, 1, '2025-07-04 08:13:26'),
(793, 63, 'New incident reported', 98, NULL, 1, '2025-07-04 08:13:26'),
(794, 4, 'You have been assigned to an incident', 98, NULL, 1, '2025-07-04 08:15:06'),
(795, 15, 'Your incident (ID: 98) has been marked as fixed.', 98, NULL, 1, '2025-07-04 08:15:40'),
(796, 4, 'Incident #98 has been confirmed as fixed.', 98, NULL, 1, '2025-07-04 08:15:50'),
(797, 4, 'You have been assigned to an incident', 99, NULL, 1, '2025-07-04 08:45:42'),
(798, 1, 'New incident reported', 99, NULL, 1, '2025-07-04 08:45:42'),
(799, 47, 'New incident reported', 99, NULL, 1, '2025-07-04 08:45:42'),
(800, 50, 'New incident reported', 99, NULL, 1, '2025-07-04 08:45:42'),
(801, 61, 'New incident reported', 99, NULL, 1, '2025-07-04 08:45:42'),
(802, 63, 'New incident reported', 99, NULL, 1, '2025-07-04 08:45:42'),
(803, 25, 'Your incident (ID: 99) has been marked as fixed.', 99, NULL, 1, '2025-07-04 08:47:59'),
(804, 4, 'Incident #99 has been confirmed as fixed.', 99, NULL, 1, '2025-07-04 08:48:10'),
(805, 3, 'You have been assigned to an incident', 100, NULL, 1, '2025-07-04 11:27:54'),
(806, 1, 'New incident reported', 100, NULL, 1, '2025-07-04 11:27:54'),
(807, 47, 'New incident reported', 100, NULL, 1, '2025-07-04 11:27:54'),
(808, 50, 'New incident reported', 100, NULL, 1, '2025-07-04 11:27:54'),
(809, 61, 'New incident reported', 100, NULL, 1, '2025-07-04 11:27:54'),
(810, 63, 'New incident reported', 100, NULL, 1, '2025-07-04 11:27:54'),
(811, 13, 'Your incident (ID: 100) has been marked as fixed.', 100, NULL, 1, '2025-07-04 11:29:22'),
(812, 3, 'Incident #100 has been confirmed as fixed.', 100, NULL, 1, '2025-07-04 11:29:39'),
(813, 4, 'You have been assigned to an incident', 101, NULL, 1, '2025-07-04 11:48:16'),
(814, 1, 'New incident reported', 101, NULL, 1, '2025-07-04 11:48:16'),
(815, 47, 'New incident reported', 101, NULL, 1, '2025-07-04 11:48:16'),
(816, 50, 'New incident reported', 101, NULL, 1, '2025-07-04 11:48:16'),
(817, 61, 'New incident reported', 101, NULL, 1, '2025-07-04 11:48:16'),
(818, 63, 'New incident reported', 101, NULL, 1, '2025-07-04 11:48:16'),
(819, 21, 'Your incident (ID: 101) has been marked as fixed.', 101, NULL, 1, '2025-07-04 11:49:51'),
(820, 4, 'Incident #101 has been confirmed as fixed.', 101, NULL, 1, '2025-07-04 11:49:59'),
(821, 1, 'New incident reported', 102, NULL, 1, '2025-07-04 12:31:15'),
(822, 47, 'New incident reported', 102, NULL, 1, '2025-07-04 12:31:15'),
(823, 50, 'New incident reported', 102, NULL, 1, '2025-07-04 12:31:15'),
(824, 61, 'New incident reported', 102, NULL, 1, '2025-07-04 12:31:15'),
(825, 63, 'New incident reported', 102, NULL, 1, '2025-07-04 12:31:15'),
(826, 4, 'You have been assigned to an incident', 102, NULL, 1, '2025-07-04 12:31:32'),
(827, 64, 'Your incident (ID: 102) has been marked as fixed.', 102, NULL, 1, '2025-07-04 12:31:59'),
(828, 4, 'Incident #102 has been confirmed as fixed.', 102, NULL, 1, '2025-07-04 12:32:14'),
(829, 5, 'You have been assigned to an incident', 103, NULL, 1, '2025-07-05 05:50:46'),
(830, 1, 'New incident reported', 103, NULL, 1, '2025-07-05 05:50:46'),
(831, 47, 'New incident reported', 103, NULL, 1, '2025-07-05 05:50:46'),
(832, 50, 'New incident reported', 103, NULL, 0, '2025-07-05 05:50:46'),
(833, 61, 'New incident reported', 103, NULL, 1, '2025-07-05 05:50:46'),
(834, 63, 'New incident reported', 103, NULL, 1, '2025-07-05 05:50:46'),
(835, 46, 'Your incident (ID: 103) has been marked as fixed.', 103, NULL, 1, '2025-07-05 05:53:45'),
(836, 5, 'Incident #103 has been confirmed as fixed.', 103, NULL, 1, '2025-07-05 05:55:46'),
(837, 3, 'You have been assigned to an incident', 104, NULL, 1, '2025-07-05 07:18:38'),
(838, 1, 'New incident reported', 104, NULL, 1, '2025-07-05 07:18:38'),
(839, 47, 'New incident reported', 104, NULL, 1, '2025-07-05 07:18:38'),
(840, 50, 'New incident reported', 104, NULL, 0, '2025-07-05 07:18:38'),
(841, 61, 'New incident reported', 104, NULL, 1, '2025-07-05 07:18:38'),
(842, 63, 'New incident reported', 104, NULL, 1, '2025-07-05 07:18:38'),
(843, 22, 'Your incident (ID: 104) has been marked as fixed.', 104, NULL, 1, '2025-07-05 07:19:09'),
(844, 3, 'Incident #104 has been confirmed as fixed.', 104, NULL, 1, '2025-07-05 07:19:52'),
(845, 3, 'You have been assigned to an incident', 105, NULL, 1, '2025-07-05 07:21:34'),
(846, 1, 'New incident reported', 105, NULL, 1, '2025-07-05 07:21:34'),
(847, 47, 'New incident reported', 105, NULL, 1, '2025-07-05 07:21:34'),
(848, 50, 'New incident reported', 105, NULL, 0, '2025-07-05 07:21:34'),
(849, 61, 'New incident reported', 105, NULL, 1, '2025-07-05 07:21:34'),
(850, 63, 'New incident reported', 105, NULL, 1, '2025-07-05 07:21:34'),
(851, 13, 'Your incident (ID: 105) has been marked as fixed.', 105, NULL, 1, '2025-07-05 07:22:20'),
(852, 3, 'Incident #105 has been confirmed as fixed.', 105, NULL, 1, '2025-07-05 07:22:34'),
(853, 5, 'You have been assigned to an incident', 106, NULL, 1, '2025-07-07 06:31:53'),
(854, 1, 'New incident reported', 106, NULL, 1, '2025-07-07 06:31:53'),
(855, 47, 'New incident reported', 106, NULL, 1, '2025-07-07 06:31:53'),
(856, 50, 'New incident reported', 106, NULL, 0, '2025-07-07 06:31:53'),
(857, 61, 'New incident reported', 106, NULL, 1, '2025-07-07 06:31:53'),
(858, 63, 'New incident reported', 106, NULL, 1, '2025-07-07 06:31:53'),
(859, 10, 'Your incident (ID: 106) has been marked as fixed.', 106, NULL, 1, '2025-07-07 06:32:52'),
(860, 5, 'Incident #106 has been confirmed as fixed.', 106, NULL, 1, '2025-07-07 06:33:11'),
(861, 3, 'You have been assigned to an incident', 107, NULL, 1, '2025-07-07 07:19:24'),
(862, 1, 'New incident reported', 107, NULL, 1, '2025-07-07 07:19:24'),
(863, 47, 'New incident reported', 107, NULL, 1, '2025-07-07 07:19:24'),
(864, 50, 'New incident reported', 107, NULL, 0, '2025-07-07 07:19:24'),
(865, 61, 'New incident reported', 107, NULL, 1, '2025-07-07 07:19:24'),
(866, 63, 'New incident reported', 107, NULL, 1, '2025-07-07 07:19:24'),
(867, 7, 'Your incident (ID: 107) has been marked as fixed.', 107, NULL, 1, '2025-07-07 07:20:48'),
(868, 7, 'Your incident (ID: 107) has been marked as fixed.', 107, NULL, 1, '2025-07-07 07:20:48'),
(869, 3, 'Incident #107 has been confirmed as fixed.', 107, NULL, 1, '2025-07-07 07:21:09'),
(870, 3, 'You have been assigned to an incident', 108, NULL, 1, '2025-07-07 07:22:09'),
(871, 1, 'New incident reported', 108, NULL, 1, '2025-07-07 07:22:09'),
(872, 47, 'New incident reported', 108, NULL, 1, '2025-07-07 07:22:09'),
(873, 50, 'New incident reported', 108, NULL, 0, '2025-07-07 07:22:09'),
(874, 61, 'New incident reported', 108, NULL, 1, '2025-07-07 07:22:09'),
(875, 63, 'New incident reported', 108, NULL, 1, '2025-07-07 07:22:09'),
(876, 19, 'Your incident (ID: 108) has been marked as fixed.', 108, NULL, 1, '2025-07-07 07:23:01'),
(877, 3, 'Incident #108 has been confirmed as fixed.', 108, NULL, 1, '2025-07-07 07:23:14'),
(878, 3, 'You have been assigned to an incident', 109, NULL, 1, '2025-07-07 12:00:14'),
(879, 1, 'New incident reported', 109, NULL, 1, '2025-07-07 12:00:14'),
(880, 47, 'New incident reported', 109, NULL, 1, '2025-07-07 12:00:14'),
(881, 50, 'New incident reported', 109, NULL, 0, '2025-07-07 12:00:14'),
(882, 61, 'New incident reported', 109, NULL, 1, '2025-07-07 12:00:14'),
(883, 63, 'New incident reported', 109, NULL, 1, '2025-07-07 12:00:14'),
(884, 11, 'Your incident (ID: 109) has been marked as pending.', 109, NULL, 1, '2025-07-07 12:01:13'),
(885, 11, 'Your incident (ID: 109) has been marked as fixed.', 109, NULL, 1, '2025-07-07 12:01:45'),
(886, 3, 'Incident #109 has been confirmed as fixed.', 109, NULL, 1, '2025-07-07 12:02:16'),
(887, 5, 'You have been assigned to an incident', 110, NULL, 1, '2025-07-07 12:03:04'),
(888, 1, 'New incident reported', 110, NULL, 1, '2025-07-07 12:03:04'),
(889, 47, 'New incident reported', 110, NULL, 1, '2025-07-07 12:03:04'),
(890, 50, 'New incident reported', 110, NULL, 0, '2025-07-07 12:03:04'),
(891, 61, 'New incident reported', 110, NULL, 1, '2025-07-07 12:03:04'),
(892, 63, 'New incident reported', 110, NULL, 1, '2025-07-07 12:03:04'),
(893, 8, 'Your incident (ID: 110) has been marked as fixed.', 110, NULL, 1, '2025-07-07 12:07:43'),
(894, 5, 'Incident #110 has been confirmed as fixed.', 110, NULL, 1, '2025-07-07 12:07:56'),
(895, 2, 'You have been assigned to an incident', 111, NULL, 1, '2025-07-07 12:47:49'),
(896, 1, 'New incident reported', 111, NULL, 1, '2025-07-07 12:47:49'),
(897, 47, 'New incident reported', 111, NULL, 1, '2025-07-07 12:47:49'),
(898, 50, 'New incident reported', 111, NULL, 1, '2025-07-07 12:47:49'),
(899, 61, 'New incident reported', 111, NULL, 1, '2025-07-07 12:47:49'),
(900, 63, 'New incident reported', 111, NULL, 1, '2025-07-07 12:47:49'),
(901, 2, 'You have been assigned to an incident', 112, NULL, 1, '2025-07-07 13:02:20'),
(902, 1, 'New incident reported', 112, NULL, 1, '2025-07-07 13:02:20'),
(903, 47, 'New incident reported', 112, NULL, 1, '2025-07-07 13:02:20'),
(904, 50, 'New incident reported', 112, NULL, 1, '2025-07-07 13:02:20'),
(905, 61, 'New incident reported', 112, NULL, 1, '2025-07-07 13:02:20'),
(906, 63, 'New incident reported', 112, NULL, 1, '2025-07-07 13:02:20'),
(907, 62, 'You have been assigned to an incident', 112, NULL, 1, '2025-07-07 13:03:03'),
(908, 62, 'You have been assigned to an incident', 112, NULL, 1, '2025-07-07 13:03:06'),
(909, 62, 'You have been assigned to an incident', 111, NULL, 1, '2025-07-07 13:03:22'),
(910, 5, 'You have been assigned to an incident', 113, NULL, 1, '2025-07-08 10:45:51'),
(911, 1, 'New incident reported', 113, NULL, 1, '2025-07-08 10:45:51'),
(912, 47, 'New incident reported', 113, NULL, 1, '2025-07-08 10:45:51'),
(913, 50, 'New incident reported', 113, NULL, 0, '2025-07-08 10:45:51'),
(914, 61, 'New incident reported', 113, NULL, 1, '2025-07-08 10:45:51'),
(915, 63, 'New incident reported', 113, NULL, 1, '2025-07-08 10:45:51'),
(916, 27, 'Your incident (ID: 113) has been marked as fixed.', 113, NULL, 1, '2025-07-08 10:46:39'),
(917, 5, 'Incident #113 has been confirmed as fixed.', 113, NULL, 1, '2025-07-08 10:47:04'),
(918, 4, 'You have been assigned to an incident', 114, NULL, 1, '2025-07-08 12:24:16'),
(919, 1, 'New incident reported', 114, NULL, 1, '2025-07-08 12:24:16'),
(920, 47, 'New incident reported', 114, NULL, 1, '2025-07-08 12:24:16'),
(921, 50, 'New incident reported', 114, NULL, 0, '2025-07-08 12:24:16'),
(922, 61, 'New incident reported', 114, NULL, 1, '2025-07-08 12:24:16'),
(923, 63, 'New incident reported', 114, NULL, 1, '2025-07-08 12:24:16'),
(924, 54, 'Your incident (ID: 114) has been marked as fixed.', 114, NULL, 1, '2025-07-08 12:31:21'),
(925, 4, 'Incident #114 has been confirmed as fixed.', 114, NULL, 1, '2025-07-08 12:31:29'),
(926, 4, 'You have been assigned to an incident', 115, NULL, 1, '2025-07-08 12:33:27'),
(927, 1, 'New incident reported', 115, NULL, 1, '2025-07-08 12:33:27'),
(928, 47, 'New incident reported', 115, NULL, 1, '2025-07-08 12:33:27'),
(929, 50, 'New incident reported', 115, NULL, 0, '2025-07-08 12:33:27'),
(930, 61, 'New incident reported', 115, NULL, 1, '2025-07-08 12:33:27'),
(931, 63, 'New incident reported', 115, NULL, 1, '2025-07-08 12:33:27'),
(932, 16, 'Your incident (ID: 115) has been marked as fixed.', 115, NULL, 1, '2025-07-08 12:34:05'),
(933, 4, 'Incident #115 has been confirmed as fixed.', 115, NULL, 1, '2025-07-08 12:34:22'),
(934, 3, 'You have been assigned to an incident', 116, NULL, 1, '2025-07-08 12:37:08'),
(935, 1, 'New incident reported', 116, NULL, 1, '2025-07-08 12:37:08'),
(936, 47, 'New incident reported', 116, NULL, 1, '2025-07-08 12:37:08'),
(937, 50, 'New incident reported', 116, NULL, 0, '2025-07-08 12:37:08'),
(938, 61, 'New incident reported', 116, NULL, 1, '2025-07-08 12:37:08'),
(939, 63, 'New incident reported', 116, NULL, 1, '2025-07-08 12:37:08'),
(940, 22, 'Your incident (ID: 116) has been marked as fixed.', 116, NULL, 1, '2025-07-08 12:37:55'),
(941, 3, 'Incident #116 has been confirmed as fixed.', 116, NULL, 1, '2025-07-08 12:38:21'),
(942, 4, 'You have been assigned to an incident', 117, NULL, 1, '2025-07-08 13:05:15'),
(943, 1, 'New incident reported', 117, NULL, 1, '2025-07-08 13:05:15'),
(944, 47, 'New incident reported', 117, NULL, 1, '2025-07-08 13:05:15'),
(945, 50, 'New incident reported', 117, NULL, 0, '2025-07-08 13:05:15'),
(946, 61, 'New incident reported', 117, NULL, 0, '2025-07-08 13:05:15'),
(947, 63, 'New incident reported', 117, NULL, 1, '2025-07-08 13:05:15'),
(948, 38, 'Your incident (ID: 117) has been marked as fixed.', 117, NULL, 1, '2025-07-08 13:07:49'),
(949, 4, 'Incident #117 has been confirmed as fixed.', 117, NULL, 1, '2025-07-08 13:07:57'),
(950, 59, 'Your incident (ID: 112) has been marked as pending.', 112, NULL, 1, '2025-07-08 13:23:41'),
(951, 59, 'Your incident (ID: 111) has been marked as pending.', 111, NULL, 1, '2025-07-08 13:23:48'),
(952, 1, 'Incident #13 has been reopened.', 13, NULL, 1, '2025-07-09 06:03:07'),
(953, 47, 'Incident #13 has been reopened.', 13, NULL, 1, '2025-07-09 06:03:07'),
(954, 50, 'Incident #13 has been reopened.', 13, NULL, 0, '2025-07-09 06:03:07'),
(955, 61, 'Incident #13 has been reopened.', 13, NULL, 0, '2025-07-09 06:03:07'),
(956, 63, 'Incident #13 has been reopened.', 13, NULL, 1, '2025-07-09 06:03:07'),
(957, 2, 'Incident #13 has been reopened.', 13, NULL, 1, '2025-07-09 06:03:07'),
(958, 53, 'Your incident (ID: 13) has been marked as pending.', 13, NULL, 1, '2025-07-09 06:04:13'),
(959, 3, 'You have been assigned to an incident', 118, NULL, 1, '2025-07-09 06:35:48'),
(960, 1, 'New incident reported', 118, NULL, 1, '2025-07-09 06:35:48'),
(961, 47, 'New incident reported', 118, NULL, 1, '2025-07-09 06:35:48'),
(962, 50, 'New incident reported', 118, NULL, 0, '2025-07-09 06:35:48'),
(963, 61, 'New incident reported', 118, NULL, 0, '2025-07-09 06:35:48'),
(964, 63, 'New incident reported', 118, NULL, 1, '2025-07-09 06:35:48'),
(965, 3, 'You have been assigned to an incident', 119, NULL, 1, '2025-07-09 06:39:08'),
(966, 1, 'New incident reported', 119, NULL, 1, '2025-07-09 06:39:08'),
(967, 47, 'New incident reported', 119, NULL, 1, '2025-07-09 06:39:08'),
(968, 50, 'New incident reported', 119, NULL, 0, '2025-07-09 06:39:08'),
(969, 61, 'New incident reported', 119, NULL, 0, '2025-07-09 06:39:08'),
(970, 63, 'New incident reported', 119, NULL, 1, '2025-07-09 06:39:08'),
(971, 22, 'Your incident (ID: 119) has been marked as fixed.', 119, NULL, 1, '2025-07-09 06:40:55'),
(972, 22, 'Your incident (ID: 118) has been marked as fixed.', 118, NULL, 1, '2025-07-09 06:42:13'),
(973, 3, 'Incident #118 has been confirmed as fixed.', 118, NULL, 1, '2025-07-09 06:42:27'),
(974, 22, 'Your incident (ID: 119) has been marked as fixed.', 119, NULL, 1, '2025-07-09 06:44:01'),
(975, 3, 'Incident #119 has been confirmed as fixed.', 119, NULL, 1, '2025-07-09 06:44:22'),
(976, 5, 'You have been assigned to an incident', 120, NULL, 1, '2025-07-09 08:02:17'),
(977, 1, 'New incident reported', 120, NULL, 1, '2025-07-09 08:02:17'),
(978, 47, 'New incident reported', 120, NULL, 1, '2025-07-09 08:02:17'),
(979, 50, 'New incident reported', 120, NULL, 0, '2025-07-09 08:02:17'),
(980, 61, 'New incident reported', 120, NULL, 0, '2025-07-09 08:02:17'),
(981, 63, 'New incident reported', 120, NULL, 1, '2025-07-09 08:02:17'),
(982, 32, 'Your incident (ID: 120) has been marked as fixed.', 120, NULL, 1, '2025-07-09 08:02:51'),
(983, 5, 'You have been assigned to an incident', 121, NULL, 1, '2025-07-09 08:03:41'),
(984, 1, 'New incident reported', 121, NULL, 1, '2025-07-09 08:03:41'),
(985, 47, 'New incident reported', 121, NULL, 1, '2025-07-09 08:03:41'),
(986, 50, 'New incident reported', 121, NULL, 0, '2025-07-09 08:03:41'),
(987, 61, 'New incident reported', 121, NULL, 0, '2025-07-09 08:03:41'),
(988, 63, 'New incident reported', 121, NULL, 1, '2025-07-09 08:03:41'),
(989, 27, 'Your incident (ID: 121) has been marked as fixed.', 121, NULL, 1, '2025-07-09 08:04:06'),
(990, 5, 'Incident #121 has been confirmed as fixed.', 121, NULL, 1, '2025-07-09 08:04:16'),
(991, 5, 'Incident #120 has been confirmed as fixed.', 120, NULL, 1, '2025-07-09 08:04:26'),
(992, 3, 'You have been assigned to an incident', 122, NULL, 1, '2025-07-10 08:00:53'),
(993, 1, 'New incident reported', 122, NULL, 1, '2025-07-10 08:00:53'),
(994, 47, 'New incident reported', 122, NULL, 1, '2025-07-10 08:00:53'),
(995, 50, 'New incident reported', 122, NULL, 0, '2025-07-10 08:00:53'),
(996, 61, 'New incident reported', 122, NULL, 0, '2025-07-10 08:00:53'),
(997, 63, 'New incident reported', 122, NULL, 1, '2025-07-10 08:00:53'),
(998, 22, 'Your incident (ID: 122) has been marked as fixed.', 122, NULL, 1, '2025-07-10 08:01:29'),
(999, 3, 'Incident #122 has been confirmed as fixed.', 122, NULL, 1, '2025-07-10 08:01:47'),
(1000, 5, 'You have been assigned to an incident', 123, NULL, 1, '2025-07-10 08:08:00'),
(1001, 1, 'New incident reported', 123, NULL, 1, '2025-07-10 08:08:00'),
(1002, 47, 'New incident reported', 123, NULL, 1, '2025-07-10 08:08:00'),
(1003, 50, 'New incident reported', 123, NULL, 0, '2025-07-10 08:08:00'),
(1004, 61, 'New incident reported', 123, NULL, 0, '2025-07-10 08:08:00'),
(1005, 63, 'New incident reported', 123, NULL, 1, '2025-07-10 08:08:00'),
(1006, 23, 'Your incident (ID: 123) has been marked as fixed.', 123, NULL, 1, '2025-07-10 08:09:16'),
(1007, 5, 'Incident #123 has been confirmed as fixed.', 123, NULL, 1, '2025-07-10 08:09:25'),
(1008, 4, 'You have been assigned to an incident', 124, NULL, 1, '2025-07-10 10:58:34'),
(1009, 1, 'New incident reported', 124, NULL, 1, '2025-07-10 10:58:34'),
(1010, 47, 'New incident reported', 124, NULL, 1, '2025-07-10 10:58:34'),
(1011, 50, 'New incident reported', 124, NULL, 0, '2025-07-10 10:58:34'),
(1012, 61, 'New incident reported', 124, NULL, 0, '2025-07-10 10:58:34'),
(1013, 63, 'New incident reported', 124, NULL, 1, '2025-07-10 10:58:34'),
(1014, 25, 'Your incident (ID: 124) has been marked as fixed.', 124, NULL, 1, '2025-07-10 10:59:05'),
(1015, 4, 'Incident #124 has been confirmed as fixed.', 124, NULL, 1, '2025-07-10 10:59:12'),
(1016, 4, 'You have been assigned to an incident', 125, NULL, 1, '2025-07-11 08:02:43'),
(1017, 1, 'New incident reported', 125, NULL, 1, '2025-07-11 08:02:43'),
(1018, 47, 'New incident reported', 125, NULL, 1, '2025-07-11 08:02:43'),
(1019, 50, 'New incident reported', 125, NULL, 0, '2025-07-11 08:02:43'),
(1020, 61, 'New incident reported', 125, NULL, 0, '2025-07-11 08:02:43'),
(1021, 63, 'New incident reported', 125, NULL, 1, '2025-07-11 08:02:43'),
(1022, 49, 'Your incident (ID: 125) has been marked as fixed.', 125, NULL, 1, '2025-07-11 08:03:48'),
(1023, 4, 'Incident #125 has been confirmed as fixed.', 125, NULL, 1, '2025-07-11 08:04:14'),
(1024, 2, 'You have been assigned to an incident', 126, NULL, 1, '2025-07-11 13:27:49'),
(1025, 1, 'New incident reported', 126, NULL, 1, '2025-07-11 13:27:49'),
(1026, 47, 'New incident reported', 126, NULL, 1, '2025-07-11 13:27:49'),
(1027, 50, 'New incident reported', 126, NULL, 1, '2025-07-11 13:27:49'),
(1028, 61, 'New incident reported', 126, NULL, 1, '2025-07-11 13:27:49'),
(1029, 63, 'New incident reported', 126, NULL, 1, '2025-07-11 13:27:49'),
(1030, 3, 'You have been assigned to an incident', 127, NULL, 1, '2025-07-11 13:28:27'),
(1031, 1, 'New incident reported', 127, NULL, 1, '2025-07-11 13:28:27'),
(1032, 47, 'New incident reported', 127, NULL, 1, '2025-07-11 13:28:27'),
(1033, 50, 'New incident reported', 127, NULL, 0, '2025-07-11 13:28:27'),
(1034, 61, 'New incident reported', 127, NULL, 0, '2025-07-11 13:28:27'),
(1035, 63, 'New incident reported', 127, NULL, 1, '2025-07-11 13:28:27'),
(1036, 24, 'Your incident (ID: 127) has been marked as fixed.', 127, NULL, 1, '2025-07-11 13:29:19'),
(1037, 2, 'You have been assigned to an incident', 128, NULL, 1, '2025-07-11 13:29:26'),
(1038, 1, 'New incident reported', 128, NULL, 1, '2025-07-11 13:29:26'),
(1039, 47, 'New incident reported', 128, NULL, 1, '2025-07-11 13:29:26'),
(1040, 50, 'New incident reported', 128, NULL, 1, '2025-07-11 13:29:26'),
(1041, 61, 'New incident reported', 128, NULL, 1, '2025-07-11 13:29:26'),
(1042, 63, 'New incident reported', 128, NULL, 1, '2025-07-11 13:29:26'),
(1043, 3, 'Incident #127 has been confirmed as fixed.', 127, NULL, 1, '2025-07-11 13:29:36'),
(1044, 4, 'You have been assigned to an incident', 129, NULL, 1, '2025-07-11 13:42:28'),
(1045, 1, 'New incident reported', 129, NULL, 1, '2025-07-11 13:42:28'),
(1046, 47, 'New incident reported', 129, NULL, 1, '2025-07-11 13:42:28'),
(1047, 50, 'New incident reported', 129, NULL, 0, '2025-07-11 13:42:28'),
(1048, 61, 'New incident reported', 129, NULL, 0, '2025-07-11 13:42:28'),
(1049, 63, 'New incident reported', 129, NULL, 1, '2025-07-11 13:42:28'),
(1050, 54, 'Your incident (ID: 129) has been marked as fixed.', 129, NULL, 1, '2025-07-11 13:43:24'),
(1051, 4, 'Incident #129 has been confirmed as fixed.', 129, NULL, 1, '2025-07-11 13:43:34'),
(1052, 2, 'You have been assigned to an incident', 130, NULL, 1, '2025-07-11 14:01:12'),
(1053, 1, 'New incident reported', 130, NULL, 1, '2025-07-11 14:01:12'),
(1054, 47, 'New incident reported', 130, NULL, 1, '2025-07-11 14:01:12'),
(1055, 50, 'New incident reported', 130, NULL, 1, '2025-07-11 14:01:12'),
(1056, 61, 'New incident reported', 130, NULL, 1, '2025-07-11 14:01:12'),
(1057, 63, 'New incident reported', 130, NULL, 1, '2025-07-11 14:01:12'),
(1058, 2, 'You have been assigned to an incident', 131, NULL, 1, '2025-07-11 14:04:35'),
(1059, 1, 'New incident reported', 131, NULL, 1, '2025-07-11 14:04:35'),
(1060, 47, 'New incident reported', 131, NULL, 1, '2025-07-11 14:04:35'),
(1061, 50, 'New incident reported', 131, NULL, 1, '2025-07-11 14:04:35'),
(1062, 61, 'New incident reported', 131, NULL, 1, '2025-07-11 14:04:35'),
(1063, 63, 'New incident reported', 131, NULL, 1, '2025-07-11 14:04:35'),
(1064, 62, 'You have been assigned to an incident', 131, NULL, 1, '2025-07-12 06:03:32'),
(1065, 62, 'You have been assigned to an incident', 130, NULL, 1, '2025-07-12 06:03:48'),
(1066, 62, 'You have been assigned to an incident', 128, NULL, 1, '2025-07-12 06:04:03'),
(1067, 62, 'You have been assigned to an incident', 126, NULL, 1, '2025-07-12 06:04:16'),
(1068, 59, 'Your incident (ID: 131) has been marked as pending.', 131, NULL, 1, '2025-07-12 06:05:31'),
(1069, 62, 'You have been assigned to an incident', 131, NULL, 1, '2025-07-12 06:05:39'),
(1070, 59, 'Your incident (ID: 131) has been marked as pending.', 131, NULL, 1, '2025-07-12 14:25:48'),
(1071, 59, 'Your incident (ID: 130) has been marked as pending.', 130, NULL, 1, '2025-07-12 14:25:58'),
(1072, 59, 'Your incident (ID: 128) has been marked as pending.', 128, NULL, 1, '2025-07-12 14:26:05'),
(1073, 59, 'Your incident (ID: 126) has been marked as pending.', 126, NULL, 1, '2025-07-12 14:26:14'),
(1074, 4, 'You have been assigned to an incident', 132, NULL, 1, '2025-07-14 08:25:28'),
(1075, 1, 'New incident reported', 132, NULL, 1, '2025-07-14 08:25:28'),
(1076, 47, 'New incident reported', 132, NULL, 1, '2025-07-14 08:25:28'),
(1077, 50, 'New incident reported', 132, NULL, 0, '2025-07-14 08:25:28'),
(1078, 61, 'New incident reported', 132, NULL, 0, '2025-07-14 08:25:28'),
(1079, 63, 'New incident reported', 132, NULL, 1, '2025-07-14 08:25:28'),
(1080, 28, 'Your incident (ID: 132) has been marked as fixed.', 132, NULL, 1, '2025-07-14 08:25:57'),
(1081, 4, 'Incident #132 has been confirmed as fixed.', 132, NULL, 1, '2025-07-14 08:26:04'),
(1082, 4, 'You have been assigned to an incident', 133, NULL, 1, '2025-07-14 08:49:53'),
(1083, 1, 'New incident reported', 133, NULL, 1, '2025-07-14 08:49:53'),
(1084, 47, 'New incident reported', 133, NULL, 1, '2025-07-14 08:49:53'),
(1085, 50, 'New incident reported', 133, NULL, 0, '2025-07-14 08:49:53'),
(1086, 61, 'New incident reported', 133, NULL, 0, '2025-07-14 08:49:53'),
(1087, 63, 'New incident reported', 133, NULL, 1, '2025-07-14 08:49:53'),
(1088, 34, 'Your incident (ID: 133) has been marked as fixed.', 133, NULL, 1, '2025-07-14 08:50:23'),
(1089, 4, 'Incident #133 has been confirmed as fixed.', 133, NULL, 1, '2025-07-14 08:50:32'),
(1090, 4, 'You have been assigned to an incident', 134, NULL, 1, '2025-07-14 09:02:13'),
(1091, 1, 'New incident reported', 134, NULL, 1, '2025-07-14 09:02:13'),
(1092, 47, 'New incident reported', 134, NULL, 1, '2025-07-14 09:02:13'),
(1093, 50, 'New incident reported', 134, NULL, 0, '2025-07-14 09:02:13'),
(1094, 61, 'New incident reported', 134, NULL, 0, '2025-07-14 09:02:13'),
(1095, 63, 'New incident reported', 134, NULL, 1, '2025-07-14 09:02:13'),
(1096, 18, 'Your incident (ID: 134) has been marked as fixed.', 134, NULL, 1, '2025-07-14 09:02:49'),
(1097, 4, 'Incident #134 has been confirmed as fixed.', 134, NULL, 1, '2025-07-14 09:02:59'),
(1098, 4, 'You have been assigned to an incident', 135, NULL, 1, '2025-07-14 10:27:11'),
(1099, 1, 'New incident reported', 135, NULL, 1, '2025-07-14 10:27:11'),
(1100, 47, 'New incident reported', 135, NULL, 1, '2025-07-14 10:27:11'),
(1101, 50, 'New incident reported', 135, NULL, 1, '2025-07-14 10:27:11'),
(1102, 61, 'New incident reported', 135, NULL, 1, '2025-07-14 10:27:11'),
(1103, 63, 'New incident reported', 135, NULL, 1, '2025-07-14 10:27:11'),
(1104, 5, 'You have been assigned to an incident', 136, NULL, 1, '2025-07-14 10:27:50'),
(1105, 1, 'New incident reported', 136, NULL, 1, '2025-07-14 10:27:50'),
(1106, 47, 'New incident reported', 136, NULL, 1, '2025-07-14 10:27:50'),
(1107, 50, 'New incident reported', 136, NULL, 0, '2025-07-14 10:27:50'),
(1108, 61, 'New incident reported', 136, NULL, 0, '2025-07-14 10:27:50'),
(1109, 63, 'New incident reported', 136, NULL, 1, '2025-07-14 10:27:50'),
(1110, 5, 'You have been assigned to an incident', 137, NULL, 1, '2025-07-14 10:28:30'),
(1111, 1, 'New incident reported', 137, NULL, 1, '2025-07-14 10:28:30'),
(1112, 47, 'New incident reported', 137, NULL, 1, '2025-07-14 10:28:30'),
(1113, 50, 'New incident reported', 137, NULL, 0, '2025-07-14 10:28:30'),
(1114, 61, 'New incident reported', 137, NULL, 0, '2025-07-14 10:28:30'),
(1115, 63, 'New incident reported', 137, NULL, 1, '2025-07-14 10:28:30'),
(1116, 5, 'You have been assigned to an incident', 138, NULL, 1, '2025-07-14 10:29:15'),
(1117, 1, 'New incident reported', 138, NULL, 1, '2025-07-14 10:29:15'),
(1118, 47, 'New incident reported', 138, NULL, 1, '2025-07-14 10:29:15'),
(1119, 50, 'New incident reported', 138, NULL, 0, '2025-07-14 10:29:15'),
(1120, 61, 'New incident reported', 138, NULL, 0, '2025-07-14 10:29:15'),
(1121, 63, 'New incident reported', 138, NULL, 1, '2025-07-14 10:29:15'),
(1122, 5, 'You have been assigned to an incident', 135, NULL, 1, '2025-07-14 10:29:34'),
(1123, 34, 'Your incident (ID: 135) has been marked as fixed.', 135, NULL, 1, '2025-07-14 10:30:22'),
(1124, 32, 'Your incident (ID: 136) has been marked as fixed.', 136, NULL, 1, '2025-07-14 10:31:05'),
(1125, 23, 'Your incident (ID: 137) has been marked as fixed.', 137, NULL, 1, '2025-07-14 10:31:19'),
(1126, 46, 'Your incident (ID: 138) has been marked as fixed.', 138, NULL, 1, '2025-07-14 10:32:00'),
(1127, 5, 'Incident #135 has been confirmed as fixed.', 135, NULL, 1, '2025-07-14 10:32:22'),
(1128, 5, 'Incident #136 has been confirmed as fixed.', 136, NULL, 1, '2025-07-14 10:32:36'),
(1129, 5, 'Incident #137 has been confirmed as fixed.', 137, NULL, 1, '2025-07-14 10:32:49'),
(1130, 5, 'Incident #138 has been confirmed as fixed.', 138, NULL, 1, '2025-07-14 10:33:14'),
(1131, 4, 'You have been assigned a new project (ID: 1)', NULL, 1, 1, '2025-07-14 11:41:58'),
(1132, 2, 'You have been assigned a new project (ID: 2)', NULL, 2, 1, '2025-07-14 11:54:36'),
(1133, 3, 'You have been assigned a new project (ID: 3)', NULL, 3, 1, '2025-07-14 12:41:25'),
(1134, 2, 'You have been assigned to an incident', 139, NULL, 1, '2025-07-14 13:09:27'),
(1135, 1, 'New incident reported', 139, NULL, 1, '2025-07-14 13:09:27'),
(1136, 47, 'New incident reported', 139, NULL, 1, '2025-07-14 13:09:27'),
(1137, 50, 'New incident reported', 139, NULL, 1, '2025-07-14 13:09:27'),
(1138, 61, 'New incident reported', 139, NULL, 1, '2025-07-14 13:09:27'),
(1139, 63, 'New incident reported', 139, NULL, 1, '2025-07-14 13:09:27'),
(1140, 2, 'You have been assigned to an incident', 140, NULL, 1, '2025-07-14 13:10:03'),
(1141, 1, 'New incident reported', 140, NULL, 1, '2025-07-14 13:10:03'),
(1142, 47, 'New incident reported', 140, NULL, 1, '2025-07-14 13:10:03'),
(1143, 50, 'New incident reported', 140, NULL, 1, '2025-07-14 13:10:03'),
(1144, 61, 'New incident reported', 140, NULL, 1, '2025-07-14 13:10:03'),
(1145, 63, 'New incident reported', 140, NULL, 1, '2025-07-14 13:10:03'),
(1146, 2, 'You have been assigned to an incident', 141, NULL, 1, '2025-07-14 13:10:33'),
(1147, 1, 'New incident reported', 141, NULL, 1, '2025-07-14 13:10:33'),
(1148, 47, 'New incident reported', 141, NULL, 1, '2025-07-14 13:10:33'),
(1149, 50, 'New incident reported', 141, NULL, 1, '2025-07-14 13:10:33'),
(1150, 61, 'New incident reported', 141, NULL, 1, '2025-07-14 13:10:33'),
(1151, 63, 'New incident reported', 141, NULL, 1, '2025-07-14 13:10:33'),
(1152, 2, 'You have been assigned to an incident', 142, NULL, 1, '2025-07-14 13:16:49'),
(1153, 1, 'New incident reported', 142, NULL, 1, '2025-07-14 13:16:49'),
(1154, 47, 'New incident reported', 142, NULL, 1, '2025-07-14 13:16:49'),
(1155, 50, 'New incident reported', 142, NULL, 1, '2025-07-14 13:16:49'),
(1156, 61, 'New incident reported', 142, NULL, 1, '2025-07-14 13:16:49'),
(1157, 63, 'New incident reported', 142, NULL, 1, '2025-07-14 13:16:49'),
(1158, 62, 'You have been assigned to an incident', 142, NULL, 1, '2025-07-15 05:26:07'),
(1159, 5, 'You have been assigned to an incident', 143, NULL, 1, '2025-07-15 06:10:49'),
(1160, 1, 'New incident reported', 143, NULL, 1, '2025-07-15 06:10:49'),
(1161, 47, 'New incident reported', 143, NULL, 1, '2025-07-15 06:10:49'),
(1162, 50, 'New incident reported', 143, NULL, 0, '2025-07-15 06:10:49'),
(1163, 61, 'New incident reported', 143, NULL, 0, '2025-07-15 06:10:49'),
(1164, 63, 'New incident reported', 143, NULL, 1, '2025-07-15 06:10:49'),
(1165, 52, 'Your incident (ID: 143) has been marked as fixed.', 143, NULL, 1, '2025-07-15 06:12:08'),
(1166, 5, 'Incident #143 has been confirmed as fixed.', 143, NULL, 1, '2025-07-15 06:12:18'),
(1167, 62, 'You have been assigned to an incident', 141, NULL, 1, '2025-07-15 06:42:16'),
(1168, 62, 'You have been assigned to an incident', 140, NULL, 1, '2025-07-15 06:42:28'),
(1169, 62, 'You have been assigned to an incident', 139, NULL, 1, '2025-07-15 06:42:37'),
(1170, 59, 'Your incident (ID: 142) has been marked as pending.', 142, NULL, 1, '2025-07-15 06:42:51'),
(1171, 59, 'Your incident (ID: 141) has been marked as pending.', 141, NULL, 1, '2025-07-15 06:42:54'),
(1172, 59, 'Your incident (ID: 140) has been marked as pending.', 140, NULL, 1, '2025-07-15 06:42:57'),
(1173, 59, 'Your incident (ID: 139) has been marked as pending.', 139, NULL, 1, '2025-07-15 06:43:00'),
(1174, 62, 'You have been assigned to an incident', 142, NULL, 1, '2025-07-15 06:44:20'),
(1175, 62, 'You have been assigned to an incident', 141, NULL, 1, '2025-07-15 06:44:24'),
(1176, 62, 'You have been assigned to an incident', 140, NULL, 1, '2025-07-15 06:44:26'),
(1177, 62, 'You have been assigned to an incident', 139, NULL, 1, '2025-07-15 06:44:28'),
(1178, 59, 'Your incident (ID: 142) has been marked as pending.', 142, NULL, 1, '2025-07-15 12:01:30'),
(1179, 59, 'Your incident (ID: 141) has been marked as pending.', 141, NULL, 1, '2025-07-15 12:01:43'),
(1180, 59, 'Your incident (ID: 140) has been marked as pending.', 140, NULL, 1, '2025-07-15 12:01:55'),
(1181, 59, 'Your incident (ID: 139) has been marked as pending.', 139, NULL, 1, '2025-07-15 12:02:01'),
(1182, 59, 'Your incident (ID: 142) has been marked as fixed.', 142, NULL, 1, '2025-07-15 12:04:14'),
(1183, 59, 'Your incident (ID: 141) has been marked as fixed.', 141, NULL, 1, '2025-07-15 12:04:30'),
(1184, 59, 'Your incident (ID: 140) has been marked as fixed.', 140, NULL, 1, '2025-07-15 12:04:39'),
(1185, 59, 'Your incident (ID: 128) has been marked as fixed.', 128, NULL, 1, '2025-07-15 12:04:56'),
(1186, 59, 'Your incident (ID: 130) has been marked as fixed.', 130, NULL, 1, '2025-07-15 12:06:31'),
(1187, 3, 'You have been assigned to an incident', 144, NULL, 1, '2025-07-15 12:41:10'),
(1188, 1, 'New incident reported', 144, NULL, 1, '2025-07-15 12:41:10'),
(1189, 47, 'New incident reported', 144, NULL, 1, '2025-07-15 12:41:10'),
(1190, 50, 'New incident reported', 144, NULL, 0, '2025-07-15 12:41:10'),
(1191, 61, 'New incident reported', 144, NULL, 0, '2025-07-15 12:41:10'),
(1192, 63, 'New incident reported', 144, NULL, 1, '2025-07-15 12:41:10'),
(1193, 13, 'Your incident (ID: 144) has been marked as fixed.', 144, NULL, 1, '2025-07-15 12:41:36'),
(1194, 3, 'Incident #144 has been confirmed as fixed.', 144, NULL, 1, '2025-07-15 12:41:51'),
(1195, 59, 'Your incident (ID: 126) has been marked as fixed.', 126, NULL, 1, '2025-07-15 14:14:41'),
(1196, 59, 'Your incident (ID: 112) has been marked as fixed.', 112, NULL, 1, '2025-07-16 05:29:27'),
(1197, 5, 'You have been assigned to an incident', 145, NULL, 1, '2025-07-16 05:58:41'),
(1198, 1, 'New incident reported', 145, NULL, 1, '2025-07-16 05:58:41'),
(1199, 47, 'New incident reported', 145, NULL, 1, '2025-07-16 05:58:41'),
(1200, 50, 'New incident reported', 145, NULL, 0, '2025-07-16 05:58:41'),
(1201, 61, 'New incident reported', 145, NULL, 0, '2025-07-16 05:58:41'),
(1202, 63, 'New incident reported', 145, NULL, 1, '2025-07-16 05:58:41'),
(1203, 6, 'Your incident (ID: 145) has been marked as fixed.', 145, NULL, 1, '2025-07-16 06:07:14'),
(1204, 5, 'Incident #145 has been confirmed as fixed.', 145, NULL, 1, '2025-07-16 06:11:40'),
(1205, 5, 'You have been assigned to an incident', 146, NULL, 1, '2025-07-16 06:12:29'),
(1206, 1, 'New incident reported', 146, NULL, 1, '2025-07-16 06:12:29'),
(1207, 47, 'New incident reported', 146, NULL, 1, '2025-07-16 06:12:29'),
(1208, 50, 'New incident reported', 146, NULL, 0, '2025-07-16 06:12:29'),
(1209, 61, 'New incident reported', 146, NULL, 0, '2025-07-16 06:12:29'),
(1210, 63, 'New incident reported', 146, NULL, 1, '2025-07-16 06:12:29'),
(1211, 41, 'Your incident (ID: 146) has been marked as fixed.', 146, NULL, 1, '2025-07-16 06:13:52'),
(1212, 5, 'Incident #146 has been confirmed as fixed.', 146, NULL, 1, '2025-07-16 06:14:14'),
(1213, 3, 'You have been assigned to an incident', 147, NULL, 1, '2025-07-16 06:47:32'),
(1214, 1, 'New incident reported', 147, NULL, 1, '2025-07-16 06:47:32'),
(1215, 47, 'New incident reported', 147, NULL, 1, '2025-07-16 06:47:32'),
(1216, 50, 'New incident reported', 147, NULL, 0, '2025-07-16 06:47:32'),
(1217, 61, 'New incident reported', 147, NULL, 0, '2025-07-16 06:47:32'),
(1218, 63, 'New incident reported', 147, NULL, 1, '2025-07-16 06:47:32'),
(1219, 22, 'Your incident (ID: 147) has been marked as fixed.', 147, NULL, 1, '2025-07-16 06:48:22'),
(1220, 3, 'Incident #147 has been confirmed as fixed.', 147, NULL, 1, '2025-07-16 06:49:03'),
(1221, 1, 'New incident reported', 148, NULL, 1, '2025-07-16 07:05:03'),
(1222, 47, 'New incident reported', 148, NULL, 1, '2025-07-16 07:05:03'),
(1223, 50, 'New incident reported', 148, NULL, 0, '2025-07-16 07:05:03'),
(1224, 61, 'New incident reported', 148, NULL, 0, '2025-07-16 07:05:03'),
(1225, 63, 'New incident reported', 148, NULL, 1, '2025-07-16 07:05:03'),
(1226, 5, 'You have been assigned to an incident', 148, NULL, 1, '2025-07-16 07:08:52'),
(1227, 40, 'Your incident (ID: 148) has been marked as fixed.', 148, NULL, 1, '2025-07-16 07:09:15'),
(1228, 5, 'Incident #148 has been confirmed as fixed.', 148, NULL, 1, '2025-07-16 07:09:25'),
(1229, 5, 'You have been assigned to an incident', 149, NULL, 1, '2025-07-16 08:19:41'),
(1230, 1, 'New incident reported', 149, NULL, 1, '2025-07-16 08:19:41'),
(1231, 47, 'New incident reported', 149, NULL, 1, '2025-07-16 08:19:41'),
(1232, 50, 'New incident reported', 149, NULL, 0, '2025-07-16 08:19:41'),
(1233, 61, 'New incident reported', 149, NULL, 0, '2025-07-16 08:19:41'),
(1234, 63, 'New incident reported', 149, NULL, 1, '2025-07-16 08:19:41'),
(1235, 8, 'Your incident (ID: 149) has been marked as fixed.', 149, NULL, 1, '2025-07-16 08:20:44'),
(1236, 5, 'Incident #149 has been confirmed as fixed.', 149, NULL, 1, '2025-07-16 08:20:56'),
(1237, 3, 'You have been assigned to an incident', 150, NULL, 1, '2025-07-16 12:01:28'),
(1238, 1, 'New incident reported', 150, NULL, 1, '2025-07-16 12:01:28'),
(1239, 47, 'New incident reported', 150, NULL, 1, '2025-07-16 12:01:28'),
(1240, 50, 'New incident reported', 150, NULL, 0, '2025-07-16 12:01:28'),
(1241, 61, 'New incident reported', 150, NULL, 0, '2025-07-16 12:01:28'),
(1242, 63, 'New incident reported', 150, NULL, 1, '2025-07-16 12:01:28'),
(1243, 11, 'Your incident (ID: 150) has been marked as fixed.', 150, NULL, 1, '2025-07-16 12:02:08'),
(1244, 3, 'Incident #150 has been confirmed as fixed.', 150, NULL, 1, '2025-07-16 12:02:27'),
(1245, 3, 'You have been assigned to an incident', 151, NULL, 1, '2025-07-16 12:07:27'),
(1246, 1, 'New incident reported', 151, NULL, 1, '2025-07-16 12:07:27'),
(1247, 47, 'New incident reported', 151, NULL, 1, '2025-07-16 12:07:27'),
(1248, 50, 'New incident reported', 151, NULL, 0, '2025-07-16 12:07:27'),
(1249, 61, 'New incident reported', 151, NULL, 0, '2025-07-16 12:07:27'),
(1250, 63, 'New incident reported', 151, NULL, 1, '2025-07-16 12:07:27'),
(1251, 57, 'Your incident (ID: 151) has been marked as fixed.', 151, NULL, 1, '2025-07-16 12:08:14'),
(1252, 3, 'Incident #151 has been confirmed as fixed.', 151, NULL, 1, '2025-07-16 12:09:19'),
(1253, 4, 'You have been assigned to an incident', 152, NULL, 1, '2025-07-17 06:31:36'),
(1254, 1, 'New incident reported', 152, NULL, 1, '2025-07-17 06:31:36'),
(1255, 47, 'New incident reported', 152, NULL, 1, '2025-07-17 06:31:36'),
(1256, 50, 'New incident reported', 152, NULL, 0, '2025-07-17 06:31:36'),
(1257, 61, 'New incident reported', 152, NULL, 0, '2025-07-17 06:31:36'),
(1258, 63, 'New incident reported', 152, NULL, 1, '2025-07-17 06:31:36'),
(1259, 18, 'Your incident (ID: 152) has been marked as fixed.', 152, NULL, 1, '2025-07-17 06:32:05'),
(1260, 4, 'Incident #152 has been confirmed as fixed.', 152, NULL, 1, '2025-07-17 06:32:13'),
(1261, 62, 'Incident #142 has been confirmed as fixed.', 142, NULL, 1, '2025-07-17 10:28:31'),
(1262, 62, 'Incident #141 has been confirmed as fixed.', 141, NULL, 1, '2025-07-17 10:28:36');
INSERT INTO `notifications` (`id`, `user_id`, `message`, `related_incident_id`, `related_project_id`, `is_seen`, `created_at`) VALUES
(1263, 62, 'Incident #140 has been confirmed as fixed.', 140, NULL, 1, '2025-07-17 10:28:50'),
(1264, 62, 'Incident #130 has been confirmed as fixed.', 130, NULL, 1, '2025-07-17 10:29:30'),
(1265, 62, 'Incident #128 has been confirmed as fixed.', 128, NULL, 1, '2025-07-17 10:29:46'),
(1266, 62, 'Incident #72 has been confirmed as fixed.', 72, NULL, 1, '2025-07-17 10:37:26'),
(1267, 62, 'Incident #71 has been confirmed as fixed.', 71, NULL, 1, '2025-07-17 10:39:59'),
(1268, 62, 'Incident #10 has been confirmed as fixed.', 10, NULL, 1, '2025-07-17 10:44:26'),
(1269, 4, 'You have been assigned to an incident', 153, NULL, 1, '2025-07-17 11:38:25'),
(1270, 1, 'New incident reported', 153, NULL, 1, '2025-07-17 11:38:25'),
(1271, 47, 'New incident reported', 153, NULL, 1, '2025-07-17 11:38:25'),
(1272, 50, 'New incident reported', 153, NULL, 0, '2025-07-17 11:38:25'),
(1273, 61, 'New incident reported', 153, NULL, 0, '2025-07-17 11:38:25'),
(1274, 63, 'New incident reported', 153, NULL, 1, '2025-07-17 11:38:25'),
(1275, 49, 'Your incident (ID: 153) has been marked as fixed.', 153, NULL, 1, '2025-07-17 11:39:09'),
(1276, 4, 'Incident #153 has been confirmed as fixed.', 153, NULL, 1, '2025-07-17 11:39:18'),
(1277, 59, 'Your incident (ID: 39) has been marked as fixed.', 39, NULL, 1, '2025-07-17 12:56:41'),
(1278, 59, 'Your incident (ID: 139) has been marked as fixed.', 139, NULL, 1, '2025-07-17 13:37:45'),
(1279, 3, 'You have been assigned to an incident', 154, NULL, 1, '2025-07-18 06:17:12'),
(1280, 1, 'New incident reported', 154, NULL, 1, '2025-07-18 06:17:12'),
(1281, 47, 'New incident reported', 154, NULL, 1, '2025-07-18 06:17:12'),
(1282, 50, 'New incident reported', 154, NULL, 0, '2025-07-18 06:17:12'),
(1283, 61, 'New incident reported', 154, NULL, 0, '2025-07-18 06:17:12'),
(1284, 63, 'New incident reported', 154, NULL, 1, '2025-07-18 06:17:12'),
(1285, 7, 'Your incident (ID: 154) has been marked as fixed.', 154, NULL, 1, '2025-07-18 06:17:43'),
(1286, 3, 'Incident #154 has been confirmed as fixed.', 154, NULL, 1, '2025-07-18 06:18:03'),
(1287, 5, 'You have been assigned to an incident', 155, NULL, 1, '2025-07-18 12:49:50'),
(1288, 1, 'New incident reported', 155, NULL, 1, '2025-07-18 12:49:50'),
(1289, 47, 'New incident reported', 155, NULL, 1, '2025-07-18 12:49:50'),
(1290, 50, 'New incident reported', 155, NULL, 0, '2025-07-18 12:49:50'),
(1291, 61, 'New incident reported', 155, NULL, 0, '2025-07-18 12:49:50'),
(1292, 63, 'New incident reported', 155, NULL, 1, '2025-07-18 12:49:50'),
(1293, 46, 'Your incident (ID: 155) has been marked as fixed.', 155, NULL, 1, '2025-07-18 12:54:33'),
(1294, 4, 'You have been assigned to an incident', 156, NULL, 1, '2025-07-18 12:54:40'),
(1295, 1, 'New incident reported', 156, NULL, 1, '2025-07-18 12:54:40'),
(1296, 47, 'New incident reported', 156, NULL, 1, '2025-07-18 12:54:40'),
(1297, 50, 'New incident reported', 156, NULL, 0, '2025-07-18 12:54:40'),
(1298, 61, 'New incident reported', 156, NULL, 0, '2025-07-18 12:54:40'),
(1299, 63, 'New incident reported', 156, NULL, 1, '2025-07-18 12:54:40'),
(1300, 38, 'Your incident (ID: 156) has been marked as fixed.', 156, NULL, 1, '2025-07-18 12:55:07'),
(1301, 4, 'Incident #156 has been confirmed as fixed.', 156, NULL, 1, '2025-07-18 12:55:15'),
(1302, 5, 'Incident #155 has been confirmed as fixed.', 155, NULL, 1, '2025-07-18 13:16:12'),
(1303, 5, 'You have been assigned to an incident', 157, NULL, 1, '2025-07-19 08:23:41'),
(1304, 1, 'New incident reported', 157, NULL, 1, '2025-07-19 08:23:41'),
(1305, 47, 'New incident reported', 157, NULL, 1, '2025-07-19 08:23:41'),
(1306, 50, 'New incident reported', 157, NULL, 0, '2025-07-19 08:23:41'),
(1307, 61, 'New incident reported', 157, NULL, 0, '2025-07-19 08:23:41'),
(1308, 63, 'New incident reported', 157, NULL, 1, '2025-07-19 08:23:41'),
(1309, 8, 'Your incident (ID: 157) has been marked as fixed.', 157, NULL, 1, '2025-07-19 08:25:15'),
(1310, 5, 'Incident #157 has been confirmed as fixed.', 157, NULL, 1, '2025-07-19 08:25:26'),
(1311, 3, 'You have been assigned to an incident', 158, NULL, 1, '2025-07-21 08:46:23'),
(1312, 1, 'New incident reported', 158, NULL, 1, '2025-07-21 08:46:23'),
(1313, 47, 'New incident reported', 158, NULL, 1, '2025-07-21 08:46:23'),
(1314, 50, 'New incident reported', 158, NULL, 0, '2025-07-21 08:46:23'),
(1315, 61, 'New incident reported', 158, NULL, 0, '2025-07-21 08:46:23'),
(1316, 63, 'New incident reported', 158, NULL, 1, '2025-07-21 08:46:23'),
(1317, 24, 'Your incident (ID: 158) has been marked as fixed.', 158, NULL, 1, '2025-07-21 08:46:54'),
(1318, 3, 'Incident #158 has been confirmed as fixed.', 158, NULL, 1, '2025-07-21 08:47:14'),
(1319, 1, 'New incident reported', 159, NULL, 1, '2025-07-21 10:34:58'),
(1320, 47, 'New incident reported', 159, NULL, 1, '2025-07-21 10:34:58'),
(1321, 50, 'New incident reported', 159, NULL, 0, '2025-07-21 10:34:58'),
(1322, 61, 'New incident reported', 159, NULL, 0, '2025-07-21 10:34:58'),
(1323, 63, 'New incident reported', 159, NULL, 1, '2025-07-21 10:34:58'),
(1324, 1, 'New incident reported', 160, NULL, 1, '2025-07-21 10:36:25'),
(1325, 47, 'New incident reported', 160, NULL, 1, '2025-07-21 10:36:25'),
(1326, 50, 'New incident reported', 160, NULL, 0, '2025-07-21 10:36:25'),
(1327, 61, 'New incident reported', 160, NULL, 0, '2025-07-21 10:36:25'),
(1328, 63, 'New incident reported', 160, NULL, 1, '2025-07-21 10:36:25'),
(1329, 4, 'You have been assigned to an incident', 160, NULL, 1, '2025-07-21 10:42:22'),
(1330, 5, 'You have been assigned to an incident', 159, NULL, 1, '2025-07-21 10:42:39'),
(1331, 36, 'Your incident (ID: 159) has been marked as fixed.', 159, NULL, 1, '2025-07-21 10:43:11'),
(1332, 36, 'Your incident (ID: 160) has been marked as fixed.', 160, NULL, 1, '2025-07-21 10:46:57'),
(1333, 4, 'Incident #160 has been confirmed as fixed.', 160, NULL, 1, '2025-07-21 10:47:49'),
(1334, 5, 'Incident #159 has been confirmed as fixed.', 159, NULL, 1, '2025-07-21 10:47:56'),
(1335, 4, 'You have been assigned to an incident', 161, NULL, 1, '2025-07-21 11:24:39'),
(1336, 1, 'New incident reported', 161, NULL, 1, '2025-07-21 11:24:39'),
(1337, 47, 'New incident reported', 161, NULL, 1, '2025-07-21 11:24:39'),
(1338, 50, 'New incident reported', 161, NULL, 0, '2025-07-21 11:24:39'),
(1339, 61, 'New incident reported', 161, NULL, 0, '2025-07-21 11:24:39'),
(1340, 63, 'New incident reported', 161, NULL, 1, '2025-07-21 11:24:39'),
(1341, 54, 'Your incident (ID: 161) has been marked as fixed.', 161, NULL, 1, '2025-07-21 11:25:31'),
(1342, 4, 'Incident #161 has been confirmed as fixed.', 161, NULL, 1, '2025-07-21 11:25:39'),
(1343, 3, 'You have been assigned to an incident', 162, NULL, 1, '2025-07-21 12:36:12'),
(1344, 1, 'New incident reported', 162, NULL, 0, '2025-07-21 12:36:12'),
(1345, 47, 'New incident reported', 162, NULL, 1, '2025-07-21 12:36:12'),
(1346, 50, 'New incident reported', 162, NULL, 0, '2025-07-21 12:36:12'),
(1347, 61, 'New incident reported', 162, NULL, 0, '2025-07-21 12:36:12'),
(1348, 63, 'New incident reported', 162, NULL, 1, '2025-07-21 12:36:12'),
(1349, 15, 'Your incident (ID: 162) has been marked as fixed.', 162, NULL, 1, '2025-07-21 12:37:00'),
(1350, 3, 'Incident #162 has been confirmed as fixed.', 162, NULL, 1, '2025-07-21 12:37:36'),
(1351, 3, 'You have been assigned to an incident', 163, NULL, 1, '2025-07-21 14:30:06'),
(1352, 1, 'New incident reported', 163, NULL, 1, '2025-07-21 14:30:06'),
(1353, 47, 'New incident reported', 163, NULL, 1, '2025-07-21 14:30:06'),
(1354, 50, 'New incident reported', 163, NULL, 1, '2025-07-21 14:30:06'),
(1355, 61, 'New incident reported', 163, NULL, 1, '2025-07-21 14:30:06'),
(1356, 63, 'New incident reported', 163, NULL, 1, '2025-07-21 14:30:06'),
(1357, 5, 'You have been assigned to an incident', 163, NULL, 1, '2025-07-21 14:30:20'),
(1358, 24, 'Your incident (ID: 163) has been marked as fixed.', 163, NULL, 1, '2025-07-21 14:30:42'),
(1359, 5, 'Incident #163 has been confirmed as fixed.', 163, NULL, 1, '2025-07-21 14:30:58'),
(1360, 5, 'You have been assigned to an incident', 164, NULL, 1, '2025-07-21 14:32:00'),
(1361, 1, 'New incident reported', 164, NULL, 0, '2025-07-21 14:32:00'),
(1362, 47, 'New incident reported', 164, NULL, 1, '2025-07-21 14:32:00'),
(1363, 50, 'New incident reported', 164, NULL, 0, '2025-07-21 14:32:00'),
(1364, 61, 'New incident reported', 164, NULL, 0, '2025-07-21 14:32:00'),
(1365, 63, 'New incident reported', 164, NULL, 1, '2025-07-21 14:32:00'),
(1366, 46, 'Your incident (ID: 164) has been marked as fixed.', 164, NULL, 1, '2025-07-21 14:33:16'),
(1367, 5, 'Incident #164 has been confirmed as fixed.', 164, NULL, 1, '2025-07-21 14:33:30'),
(1368, 3, 'You have been assigned to an incident', 165, NULL, 1, '2025-07-22 08:15:33'),
(1369, 1, 'New incident reported', 165, NULL, 0, '2025-07-22 08:15:33'),
(1370, 47, 'New incident reported', 165, NULL, 1, '2025-07-22 08:15:33'),
(1371, 50, 'New incident reported', 165, NULL, 0, '2025-07-22 08:15:33'),
(1372, 61, 'New incident reported', 165, NULL, 0, '2025-07-22 08:15:33'),
(1373, 63, 'New incident reported', 165, NULL, 1, '2025-07-22 08:15:33'),
(1374, 24, 'Your incident (ID: 165) has been marked as fixed.', 165, NULL, 1, '2025-07-22 08:16:47'),
(1375, 3, 'Incident #165 has been confirmed as fixed.', 165, NULL, 1, '2025-07-22 08:17:11'),
(1376, 3, 'You have been assigned to an incident', 166, NULL, 1, '2025-07-22 08:21:04'),
(1377, 1, 'New incident reported', 166, NULL, 0, '2025-07-22 08:21:04'),
(1378, 47, 'New incident reported', 166, NULL, 1, '2025-07-22 08:21:04'),
(1379, 50, 'New incident reported', 166, NULL, 0, '2025-07-22 08:21:04'),
(1380, 61, 'New incident reported', 166, NULL, 0, '2025-07-22 08:21:04'),
(1381, 63, 'New incident reported', 166, NULL, 1, '2025-07-22 08:21:04'),
(1382, 22, 'Your incident (ID: 166) has been marked as fixed.', 166, NULL, 1, '2025-07-22 08:21:29'),
(1383, 3, 'Incident #166 has been confirmed as fixed.', 166, NULL, 1, '2025-07-22 08:21:52'),
(1384, 2, 'You have been assigned to an incident', 167, NULL, 1, '2025-07-22 08:42:53'),
(1385, 1, 'New incident reported', 167, NULL, 1, '2025-07-22 08:42:53'),
(1386, 47, 'New incident reported', 167, NULL, 1, '2025-07-22 08:42:53'),
(1387, 50, 'New incident reported', 167, NULL, 1, '2025-07-22 08:42:53'),
(1388, 61, 'New incident reported', 167, NULL, 1, '2025-07-22 08:42:53'),
(1389, 63, 'New incident reported', 167, NULL, 1, '2025-07-22 08:42:53'),
(1390, 4, 'You have been assigned to an incident', 167, NULL, 1, '2025-07-22 08:43:15'),
(1391, 4, 'You have been assigned to an incident', 167, NULL, 1, '2025-07-22 08:43:21'),
(1392, 59, 'Your incident (ID: 167) has been marked as fixed.', 167, NULL, 1, '2025-07-22 08:44:36'),
(1393, 4, 'Incident #167 has been confirmed as fixed.', 167, NULL, 1, '2025-07-22 08:45:12'),
(1394, 3, 'You have been assigned to an incident', 168, NULL, 1, '2025-07-22 08:47:09'),
(1395, 1, 'New incident reported', 168, NULL, 0, '2025-07-22 08:47:09'),
(1396, 47, 'New incident reported', 168, NULL, 1, '2025-07-22 08:47:09'),
(1397, 50, 'New incident reported', 168, NULL, 0, '2025-07-22 08:47:09'),
(1398, 61, 'New incident reported', 168, NULL, 0, '2025-07-22 08:47:09'),
(1399, 63, 'New incident reported', 168, NULL, 1, '2025-07-22 08:47:09'),
(1400, 58, 'Your incident (ID: 168) has been marked as fixed.', 168, NULL, 1, '2025-07-22 08:47:45'),
(1401, 3, 'Incident #168 has been confirmed as fixed.', 168, NULL, 1, '2025-07-22 08:48:01'),
(1402, 2, 'You have been assigned to an incident', 169, NULL, 1, '2025-07-22 10:17:03'),
(1403, 1, 'New incident reported', 169, NULL, 1, '2025-07-22 10:17:03'),
(1404, 47, 'New incident reported', 169, NULL, 1, '2025-07-22 10:17:03'),
(1405, 50, 'New incident reported', 169, NULL, 1, '2025-07-22 10:17:03'),
(1406, 61, 'New incident reported', 169, NULL, 1, '2025-07-22 10:17:03'),
(1407, 63, 'New incident reported', 169, NULL, 1, '2025-07-22 10:17:03'),
(1408, 2, 'You have been assigned to an incident', 170, NULL, 1, '2025-07-22 10:25:09'),
(1409, 1, 'New incident reported', 170, NULL, 0, '2025-07-22 10:25:09'),
(1410, 47, 'New incident reported', 170, NULL, 1, '2025-07-22 10:25:09'),
(1411, 50, 'New incident reported', 170, NULL, 0, '2025-07-22 10:25:09'),
(1412, 61, 'New incident reported', 170, NULL, 0, '2025-07-22 10:25:09'),
(1413, 63, 'New incident reported', 170, NULL, 1, '2025-07-22 10:25:09'),
(1414, 2, 'You have been assigned to an incident', 171, NULL, 1, '2025-07-22 10:30:37'),
(1415, 1, 'New incident reported', 171, NULL, 0, '2025-07-22 10:30:37'),
(1416, 47, 'New incident reported', 171, NULL, 1, '2025-07-22 10:30:37'),
(1417, 50, 'New incident reported', 171, NULL, 0, '2025-07-22 10:30:37'),
(1418, 61, 'New incident reported', 171, NULL, 0, '2025-07-22 10:30:37'),
(1419, 63, 'New incident reported', 171, NULL, 1, '2025-07-22 10:30:37'),
(1420, 53, 'Your incident (ID: 171) has been marked as fixed.', 171, NULL, 1, '2025-07-22 10:57:25'),
(1421, 29, 'Your incident (ID: 170) has been marked as fixed.', 170, NULL, 1, '2025-07-22 11:01:50'),
(1422, 30, 'Your incident (ID: 169) has been marked as fixed.', 169, NULL, 1, '2025-07-22 11:03:15'),
(1423, 2, 'Incident #170 has been confirmed as fixed.', 170, NULL, 1, '2025-07-22 11:06:53'),
(1424, 2, 'Incident #169 has been confirmed as fixed.', 169, NULL, 1, '2025-07-22 11:08:22'),
(1425, 1, 'Incident #169 has been reopened.', 169, NULL, 1, '2025-07-22 11:08:27'),
(1426, 47, 'Incident #169 has been reopened.', 169, NULL, 1, '2025-07-22 11:08:27'),
(1427, 50, 'Incident #169 has been reopened.', 169, NULL, 1, '2025-07-22 11:08:27'),
(1428, 61, 'Incident #169 has been reopened.', 169, NULL, 1, '2025-07-22 11:08:27'),
(1429, 63, 'Incident #169 has been reopened.', 169, NULL, 1, '2025-07-22 11:08:27'),
(1430, 2, 'Incident #169 has been reopened.', 169, NULL, 1, '2025-07-22 11:08:27'),
(1431, 2, 'You have been assigned to an incident', 169, NULL, 1, '2025-07-22 11:12:23'),
(1432, 2, 'Incident #171 has been confirmed as fixed.', 171, NULL, 1, '2025-07-22 11:13:30'),
(1433, 30, 'Your incident (ID: 169) has been marked as fixed.', 169, NULL, 1, '2025-07-22 11:14:36'),
(1434, 2, 'Incident #169 has been confirmed as fixed.', 169, NULL, 1, '2025-07-22 11:14:53'),
(1435, 2, 'Incident #169 has been confirmed as fixed.', 169, NULL, 1, '2025-07-22 11:14:59'),
(1436, 5, 'You have been assigned to an incident', 172, NULL, 1, '2025-07-23 06:43:40'),
(1437, 1, 'New incident reported', 172, NULL, 0, '2025-07-23 06:43:40'),
(1438, 47, 'New incident reported', 172, NULL, 1, '2025-07-23 06:43:40'),
(1439, 50, 'New incident reported', 172, NULL, 0, '2025-07-23 06:43:40'),
(1440, 61, 'New incident reported', 172, NULL, 0, '2025-07-23 06:43:40'),
(1441, 63, 'New incident reported', 172, NULL, 0, '2025-07-23 06:43:40'),
(1442, 8, 'Your incident (ID: 172) has been marked as fixed.', 172, NULL, 1, '2025-07-23 06:44:33'),
(1443, 5, 'Incident #172 has been confirmed as fixed.', 172, NULL, 1, '2025-07-23 06:44:49'),
(1444, 4, 'You have been assigned to an incident', 173, NULL, 1, '2025-07-23 12:01:12'),
(1445, 1, 'New incident reported', 173, NULL, 0, '2025-07-23 12:01:12'),
(1446, 47, 'New incident reported', 173, NULL, 1, '2025-07-23 12:01:12'),
(1447, 50, 'New incident reported', 173, NULL, 0, '2025-07-23 12:01:12'),
(1448, 61, 'New incident reported', 173, NULL, 0, '2025-07-23 12:01:12'),
(1449, 63, 'New incident reported', 173, NULL, 0, '2025-07-23 12:01:12'),
(1450, 54, 'Your incident (ID: 173) has been marked as fixed.', 173, NULL, 1, '2025-07-23 12:02:21'),
(1451, 4, 'Incident #173 has been confirmed as fixed.', 173, NULL, 1, '2025-07-23 12:02:29'),
(1452, 1, 'A new comment has been added to a project (ID: 3)', NULL, 3, 0, '2025-07-23 12:06:50'),
(1453, 47, 'A new comment has been added to a project (ID: 3)', NULL, 3, 1, '2025-07-23 12:06:50'),
(1454, 50, 'A new comment has been added to a project (ID: 3)', NULL, 3, 0, '2025-07-23 12:06:50'),
(1455, 61, 'A new comment has been added to a project (ID: 3)', NULL, 3, 0, '2025-07-23 12:06:50'),
(1456, 63, 'A new comment has been added to a project (ID: 3)', NULL, 3, 0, '2025-07-23 12:06:50'),
(1457, 4, 'You have been assigned to an incident', 174, NULL, 1, '2025-07-24 06:53:15'),
(1458, 1, 'New incident reported', 174, NULL, 0, '2025-07-24 06:53:15'),
(1459, 47, 'New incident reported', 174, NULL, 1, '2025-07-24 06:53:15'),
(1460, 50, 'New incident reported', 174, NULL, 0, '2025-07-24 06:53:15'),
(1461, 61, 'New incident reported', 174, NULL, 0, '2025-07-24 06:53:15'),
(1462, 63, 'New incident reported', 174, NULL, 0, '2025-07-24 06:53:15'),
(1463, 28, 'Your incident (ID: 174) has been marked as fixed.', 174, NULL, 1, '2025-07-24 06:53:57'),
(1464, 4, 'Incident #174 has been confirmed as fixed.', 174, NULL, 1, '2025-07-24 06:54:07'),
(1465, 4, 'You have been assigned to an incident', 175, NULL, 1, '2025-07-24 13:00:08'),
(1466, 1, 'New incident reported', 175, NULL, 0, '2025-07-24 13:00:08'),
(1467, 47, 'New incident reported', 175, NULL, 1, '2025-07-24 13:00:08'),
(1468, 50, 'New incident reported', 175, NULL, 0, '2025-07-24 13:00:08'),
(1469, 61, 'New incident reported', 175, NULL, 0, '2025-07-24 13:00:08'),
(1470, 63, 'New incident reported', 175, NULL, 0, '2025-07-24 13:00:08'),
(1471, 49, 'Your incident (ID: 175) has been marked as fixed.', 175, NULL, 1, '2025-07-24 13:01:52'),
(1472, 4, 'Incident #175 has been confirmed as fixed.', 175, NULL, 1, '2025-07-24 13:02:56');

-- --------------------------------------------------------

--
-- Table structure for table `projects`
--

CREATE TABLE `projects` (
  `id` int(11) NOT NULL,
  `title` varchar(255) NOT NULL,
  `description` text DEFAULT NULL,
  `status` enum('pending','assigned','need_support','needs redo','fixed','confirmed fixed') DEFAULT 'pending',
  `main_status` enum('under_process','completed','needs_attention') DEFAULT 'under_process',
  `remark` text DEFAULT NULL,
  `deadline_date` date DEFAULT NULL,
  `assigned_to` int(11) DEFAULT NULL,
  `created_by` int(11) NOT NULL,
  `created_at` timestamp NOT NULL DEFAULT current_timestamp(),
  `assigned_at` timestamp NULL DEFAULT NULL,
  `updated_at` timestamp NULL DEFAULT NULL,
  `completion_date` timestamp NULL DEFAULT NULL,
  `estimated_cost` decimal(10,2) DEFAULT NULL
) ENGINE=InnoDB DEFAULT CHARSET=utf8mb4 COLLATE=utf8mb4_general_ci;

--
-- Dumping data for table `projects`
--

INSERT INTO `projects` (`id`, `title`, `description`, `status`, `main_status`, `remark`, `deadline_date`, `assigned_to`, `created_by`, `created_at`, `assigned_at`, `updated_at`, `completion_date`, `estimated_cost`) VALUES
(1, 'Job Registration Form', 'Job Vacancy Application Workflow Using Google Form & Excel Summary\r\nObjective:\r\nTo create a digital vacancy form using Google Forms that allows job seekers to submit their applications online, with an automated Excel summary generated and maintained in the backend via Google Sheets.\r\n\r\n✅ Step-by-Step Process\r\n1. Create the Job Vacancy Form\r\nUsing Google Forms, create a form titled \"Job Application Form\" to collect information from job seekers.\r\n\r\nKey fields to include:\r\n\r\nFull Name\r\n\r\nEmail Address\r\n\r\nPhone Number\r\n\r\nPosition Applied For\r\n\r\nEducational Qualification\r\n\r\nYears of Experience\r\n\r\nSkills and Certifications\r\n\r\nUpload Resume (File upload)\r\n\r\nPreferred Location\r\n\r\nAvailable Start Date\r\n\r\nAny Additional Comments\r\n\r\nEnsure required fields are marked appropriately to maintain data completeness.\r\n\r\n2. Set Up Backend Data Storage\r\nNavigate to the \"Responses\" tab in the Google Form.\r\n\r\nClick the green Sheets icon 📄 to automatically create a linked Google Sheet.\r\n\r\nAll submitted responses will be logged in real-time in this sheet.\r\n\r\n3. Generate Excel-style Summary\r\nWithin the linked Google Sheet:\r\n\r\nUse formulas or pivot tables to create summaries.\r\n\r\nExample: Count total applicants per position.\r\n\r\nexcel\r\nCopy\r\nEdit\r\nYou may create a new sheet/tab (e.g., named \"Summary\") to organize this data cleanly.\r\n\r\n4. Download Summary in Excel Format\r\nTo share the data externally:\r\n\r\nOpen the response sheet.\r\n\r\nGo to File > Download > Microsoft Excel (.xlsx).\r\n\r\nThis provides a standard Excel file of all registered job seekers.\r\n\r\n🔄 Optional Enhancements\r\nEmail Notifications: Use add-ons like Form Notifications or Form Publisher to send confirmation emails or alerts to HR.\r\n\r\nEmbedding: Embed the form on your company’s careers page using the <iframe> embed code.\r\n\r\nData Filtering: Use Google Sheets filters to segment applicants by skills, experience, or location.\r\n\r\n✅ Outcome\r\nYou now have a fully automated recruitment intake system:\r\n\r\nJob seekers apply via a Google Form.\r\n\r\nData is securely collected and stored in Google Sheets.\r\n\r\nYou can summarize and export all applicant data as an Excel file anytime.', 'assigned', 'under_process', NULL, '2025-08-15', 4, 1, '2025-07-12 15:46:59', '2025-07-14 11:41:58', '2025-07-14 11:42:33', NULL, NULL),
(2, 'Network IP Configuration & Credential Documentation', 'Project Overview\r\nThis project aims to systematically collect, organize, and securely store all network IP configurations and associated credentials within the organization. The objective is to create a centralized, structured, and secure reference to support network maintenance, audits, compliance, and disaster recovery.\r\n\r\n🎯 Objectives\r\nDocument all IP addresses across all devices and systems.\r\n\r\nRecord associated device and service credentials.\r\n\r\nStandardize IP naming and labeling conventions.\r\n\r\nImplement a secure access mechanism to protect sensitive data.\r\n\r\nEnable easy updates and future scalability of the documentation.\r\n\r\n📌 Project Scope\r\nIn-Scope:\r\n\r\nServers (physical/virtual)\r\n\r\nRouters, switches, firewalls\r\n\r\nWorkstations and laptops (for static IPs)\r\n\r\nNetworked printers and IoT devices\r\n\r\nWi-Fi configurations and SSIDs\r\n\r\nVPN and Remote Access configurations\r\n\r\nService accounts and credentials\r\n\r\nDNS/DHCP configuration\r\n\r\nOut-of-Scope:\r\n\r\nDynamic IP allocations for guest or temporary devices\r\n\r\n📁 Documentation Structure\r\nUse the following folder/file structure for organizing the documentation:\r\n\r\nswift\r\nCopy\r\nEdit\r\n/Network_Documentation/\r\n│\r\n├── IP_Addresses/\r\n│   ├── LAN_IPs.xlsx\r\n│   ├── WAN_Interfaces.xlsx\r\n│   └── Subnet_Map.png\r\n│\r\n├── Credentials/\r\n│   ├── Routers_Switches_Creds.xlsx\r\n│   ├── Server_Admin_Credentials.xlsx\r\n│   └── WiFi_Passwords.xlsx\r\n│\r\n├── Configuration_Backups/\r\n│   ├── Router_Backups/\r\n│   ├── Switch_Backups/\r\n│   └── Firewall_Rules/\r\n│\r\n└── README.md\r\n\r\n🔄 Update Policy\r\nPerform monthly reviews of all documentation.\r\n\r\nRequire confirmation from IT Admin before making permanent changes.\r\n\r\nUse change logs to track modifications.\r\n✅ Completion Criteria\r\n100% of static IP addresses mapped and documented.\r\n\r\nAll critical credentials encrypted and stored securely.\r\n\r\nReviewed and approved by network security lead.\r\n\r\nAccess logs and encryption audit completed.', 'assigned', 'under_process', NULL, '2025-08-15', 2, 1, '2025-07-14 11:54:24', '2025-07-14 11:54:36', '2025-07-14 12:09:48', NULL, NULL),
(3, 'Standard-Based Computer Renaming', '✅ Project: Standard-Based Computer Renaming\r\n🎯 Goal\r\nTo rename all computers across the organization according to a consistent, standardized naming convention for better identification, inventory tracking, compliance, and remote management.\r\nexample HQ-Head Office\r\nFIN-Finance\r\nDT-Desktop\r\n-001 sequence number\r\nHQ-FIN-DT-001\r\nHQ-FIN-DT-002 ....', 'assigned', 'under_process', NULL, '2025-08-15', 3, 1, '2025-07-14 12:37:58', '2025-07-14 12:41:25', '2025-07-14 12:41:54', NULL, NULL);

-- --------------------------------------------------------

--
-- Table structure for table `project_comments`
--

CREATE TABLE `project_comments` (
  `id` int(11) NOT NULL,
  `project_id` int(11) NOT NULL,
  `user_id` int(11) NOT NULL,
  `comment` text NOT NULL,
  `created_at` timestamp NOT NULL DEFAULT current_timestamp()
) ENGINE=InnoDB DEFAULT CHARSET=utf8mb4 COLLATE=utf8mb4_general_ci;

--
-- Dumping data for table `project_comments`
--

INSERT INTO `project_comments` (`id`, `project_id`, `user_id`, `comment`, `created_at`) VALUES
(1, 3, 3, '	Except Department computers  of  CEO,ICT(PARTIALY),HR,AND ETHICS all other department computers has been named from head quarter \r\n\r\n	Branch of Ayer tena , Beklobet ,and Arat killo have been done until now .', '2025-07-23 12:06:50');

-- --------------------------------------------------------

--
-- Table structure for table `staff_branch_assignments`
--

CREATE TABLE `staff_branch_assignments` (
  `id` int(11) NOT NULL,
  `staff_id` int(11) NOT NULL,
  `branch_id` int(11) NOT NULL,
  `created_at` timestamp NOT NULL DEFAULT current_timestamp()
) ENGINE=InnoDB DEFAULT CHARSET=utf8mb4 COLLATE=utf8mb4_general_ci;

--
-- Dumping data for table `staff_branch_assignments`
--

INSERT INTO `staff_branch_assignments` (`id`, `staff_id`, `branch_id`, `created_at`) VALUES
(1, 4, 5, '2025-06-19 12:51:13'),
(2, 4, 8, '2025-06-19 12:51:13'),
(3, 4, 12, '2025-06-19 12:51:13'),
(4, 4, 14, '2025-06-19 12:51:13'),
(5, 4, 17, '2025-06-19 12:51:13'),
(6, 4, 21, '2025-06-19 12:51:13'),
(7, 4, 22, '2025-06-19 12:51:13'),
(8, 4, 24, '2025-06-19 12:51:13'),
(9, 4, 30, '2025-06-19 12:51:13'),
(10, 4, 31, '2025-06-19 12:51:13'),
(11, 4, 34, '2025-06-19 12:51:13'),
(12, 4, 46, '2025-06-19 12:51:13'),
(13, 4, 53, '2025-06-19 12:51:13'),
(38, 2, 13, '2025-06-19 13:06:28'),
(39, 2, 43, '2025-06-19 13:06:28'),
(40, 2, 45, '2025-06-19 13:06:28'),
(41, 2, 26, '2025-06-19 13:06:28'),
(42, 2, 27, '2025-06-19 13:06:28'),
(43, 2, 25, '2025-06-19 13:06:28'),
(44, 2, 35, '2025-06-19 13:06:28'),
(45, 2, 52, '2025-06-19 13:06:28'),
(46, 2, 16, '2025-06-19 13:06:28'),
(51, 3, 38, '2025-06-21 06:07:26'),
(52, 3, 15, '2025-06-21 06:07:26'),
(53, 3, 50, '2025-06-21 06:07:26'),
(54, 3, 18, '2025-06-21 06:07:26'),
(55, 3, 11, '2025-06-21 06:07:26'),
(56, 3, 33, '2025-06-21 06:07:26'),
(57, 3, 9, '2025-06-21 06:07:26'),
(58, 3, 49, '2025-06-21 06:07:26'),
(59, 3, 7, '2025-06-21 06:07:26'),
(60, 3, 20, '2025-06-21 06:07:26'),
(61, 3, 29, '2025-06-21 06:07:26'),
(62, 3, 3, '2025-06-21 06:07:26'),
(63, 3, 48, '2025-06-21 06:07:26'),
(64, 3, 39, '2025-06-21 06:07:26'),
(104, 5, 10, '2025-07-21 10:41:58'),
(105, 5, 32, '2025-07-21 10:41:58'),
(106, 5, 40, '2025-07-21 10:41:58'),
(107, 5, 51, '2025-07-21 10:41:58'),
(108, 5, 19, '2025-07-21 10:41:58'),
(109, 5, 23, '2025-07-21 10:41:58'),
(110, 5, 36, '2025-07-21 10:41:58'),
(111, 5, 2, '2025-07-21 10:41:58'),
(112, 5, 44, '2025-07-21 10:41:58'),
(113, 5, 6, '2025-07-21 10:41:58'),
(114, 5, 42, '2025-07-21 10:41:58'),
(115, 5, 28, '2025-07-21 10:41:58'),
(116, 5, 37, '2025-07-21 10:41:58'),
(117, 5, 47, '2025-07-21 10:41:58'),
(118, 5, 4, '2025-07-21 10:41:58');

-- --------------------------------------------------------

--
-- Stand-in structure for view `staff_performance`
-- (See below for the actual view)
--
CREATE TABLE `staff_performance` (
`staff_id` int(11)
,`name` varchar(100)
,`fixed_count` bigint(21)
,`not_fixed_count` bigint(21)
,`avg_days_to_fix` decimal(10,4)
);

-- --------------------------------------------------------

--
-- Table structure for table `users`
--

CREATE TABLE `users` (
  `id` int(11) NOT NULL,
  `name` varchar(100) DEFAULT NULL,
  `email` varchar(100) DEFAULT NULL,
  `password` varchar(255) DEFAULT NULL,
  `role` enum('admin','staff','user') NOT NULL,
  `job_position` varchar(255) DEFAULT NULL,
  `created_at` timestamp NOT NULL DEFAULT current_timestamp(),
  `force_password_change` tinyint(1) DEFAULT 1,
  `branch_id` int(11) DEFAULT NULL,
  `profile_picture` varchar(255) DEFAULT NULL,
  `is_active` tinyint(1) NOT NULL DEFAULT 1
) ENGINE=InnoDB DEFAULT CHARSET=utf8mb4 COLLATE=utf8mb4_general_ci;

--
-- Dumping data for table `users`
--

INSERT INTO `users` (`id`, `name`, `email`, `password`, `role`, `job_position`, `created_at`, `force_password_change`, `branch_id`, `profile_picture`, `is_active`) VALUES
(1, 'Mikiyas Wondimu', 'mikiyas@lucy.com', '$2y$10$368jd5sxW/7J7WYPMrVLcOhOHdwoMJnoPFG3fmsaOVNS4AaVH.bQG', 'admin', NULL, '2025-06-05 09:25:38', 0, 1, NULL, 1),
(2, 'Yehuwalashet Yitagesu', 'yehuwalashet@lucy.com', '$2y$10$9ySHwQPOikPpuF3.3MI2p.py5LGAZU0Kon7g8MOZDJlvaBbwJNTWu', 'staff', NULL, '2025-06-05 10:03:11', 0, 1, NULL, 1),
(3, 'Mengistu Ferdie', 'mengistu@lucy.com', '$2y$10$45HUW49UnUoljEdigFx26uU7ive.Ph9P4MWQ4NmaGvhO/5RekZL4a', 'staff', 'Network & Infrastructure Officer I', '2025-06-05 10:05:50', 0, 1, NULL, 1),
(4, 'Eleni Zerihun', 'eleni@lucy.com', '$2y$10$q9CbtmLGELYHYwnUrJAoaOiZl238ar3thWdYcj.h3O/d7MQzPj4V.', 'staff', 'Database & System Administrator I', '2025-06-05 10:06:43', 0, 1, 'download (1).jfif', 1),
(5, 'Aaron Tamirat', 'aaron@lucy.com', '$2y$10$Qsr6uzz3Qw4gCOZQRsCcr.n5xuSTar75qnqpB7gIyKF6v0Oo2IPSu', 'staff', 'Database & System Administrator II', '2025-06-05 10:07:45', 0, 1, 'doneAsset 7@10x.png', 1),
(6, 'User Kazanchis', 'kazanchis@lucy.com', '$2y$10$l5nB1vhu45zUDq3IqfiB/eYJ.vq6tmQ52T9riYkgCBu5y2Ze2f.qS', 'user', NULL, '2025-06-05 10:51:25', 0, 2, NULL, 1),
(7, 'User Piassa', 'piassa@lucy.com', '$2y$10$oJXrth4HVE7gAR3L.JM4OeK8crgMSeD5AAfjMolZje9dOWmFA5IFi', 'user', NULL, '2025-06-05 10:52:09', 0, 3, NULL, 1),
(8, 'User Stadium', 'stadium@lucy.com', '$2y$10$pkgYVF2A2jAGXutttWNF2uhu5maYgidfxYtQI6bhDe7go735MKaMa', 'user', NULL, '2025-06-05 10:52:40', 0, 4, NULL, 1),
(9, 'User BoleMedhanialem', 'bolemedhanialem@lucy.com', '$2y$10$XO3Ps6kkqYOEldva93L6euV.I63H0pRwAFmB6w2jR.Alf9wsQgrRW', 'user', NULL, '2025-06-05 10:53:27', 0, 5, NULL, 1),
(10, 'User Lideta', 'lideta@lucy.com', '$2y$10$iWvt.hZfeOiW6rfuHU9.kOn5cGvc9wKKtgZXCaZDOGUFPY9E1/poi', 'user', NULL, '2025-06-05 10:53:55', 0, 6, NULL, 1),
(11, 'User DebreBirhan', 'debrebirhan@lucy.com', '$2y$10$mGL1500EIBlhbbMZPrYLu.vXrw0GLwN1wQyFZzRRLR0RSLbFASUyu', 'user', NULL, '2025-06-05 10:54:26', 0, 7, NULL, 1),
(12, 'User AddeyAbeba', 'addeyabeba@lucy.com', '$2y$10$SydGAoEGKUGR.6a8g2esHesWn3158.cWrz42CxwHUBkmDrAjVbRPu', 'user', NULL, '2025-06-05 10:55:34', 0, 8, NULL, 1),
(13, 'User Betel', 'betel@lucy.com', '$2y$10$DL/V8H9xd2eOrdb6CleJ3uya43ctltr7rSQHM7lkCr6B9uYqSTtCm', 'user', NULL, '2025-06-05 10:56:02', 0, 9, NULL, 1),
(14, 'User AddisuGebeya', 'addisugebeya@lucy.com', '$2y$10$zB4Q7wKyYytQUR/mtkX/5uxI2/PkVi7U2jOd.qUpaxVoUb2upGyq6', 'user', NULL, '2025-06-05 10:56:28', 0, 10, NULL, 1),
(15, 'User Bahirdar', 'bahirdar@lucy.com', '$2y$10$aPhNqdZ2worZ4opwG6uEW.sSp7KSCyfMmS3ufcnk4rrUrKry1xple', 'user', NULL, '2025-06-05 10:56:55', 0, 11, NULL, 1),
(16, 'User Diredawa', 'diredawa@lucy.com', '$2y$10$rxv8lM9MpmizvUMqZGJkF.h8eYwryaMcXTuCc62ywybsCSz4qvfHa', 'user', NULL, '2025-06-05 10:57:30', 0, 12, NULL, 1),
(17, 'User Adama', 'adama@lucy.com', '$2y$10$Iwx4MJlXGnv26qqGE/fkC.WXpADghvhob68Y/HxyDXTnTHD267p8a', 'user', NULL, '2025-06-05 10:57:51', 0, 13, NULL, 1),
(18, 'User Lemikura', 'lemikura@lucy.com', '$2y$10$JPHLKHxrmyrP3MJgQUIshO/mCX66eYQEVI5KlC4MhfzkRzh8Rk2gO', 'user', NULL, '2025-06-05 10:58:16', 0, 14, NULL, 1),
(19, 'User AratKilo', 'aratkilo@lucy.com', '$2y$10$dnY1A3nLl14fIuxikYLe7eRxHNj8OwQywv3P/S.GwR1txcNjYwU1i', 'user', NULL, '2025-06-05 10:58:47', 0, 15, NULL, 1),
(20, 'User Yoseph', 'yoseph@lucy.com', '$2y$10$eSAmxiLyhzP/RYs7X3wS2.XLHP0S2nAFY8q5VVAUDqKbwmeMwQvpG', 'user', NULL, '2025-06-05 10:59:12', 1, 16, NULL, 1),
(21, 'User Figa', 'figa@lucy.com', '$2y$10$yU6mrBewAQL.hQKrE2rjk.tOs7im34uaOZyO6Ee93YRWg7Him7EJO', 'user', NULL, '2025-06-05 11:00:23', 0, 17, NULL, 1),
(22, 'User Ayertena', 'ayertena@lucy.com', '$2y$10$U497TWmbCemY1iJFRk5hAuRbZOd52I2cGUsJzkd5VfBX0ULlN.KXO', 'user', NULL, '2025-06-05 11:00:46', 0, 18, NULL, 1),
(23, 'User Goro', 'goro@lucy.com', '$2y$10$VycO9XWqTKaYD0ThezbYkuzYwwrTa21y9.PrsDQyRYU7Sw9xKlQV6', 'user', NULL, '2025-06-07 02:48:42', 0, 19, NULL, 1),
(24, 'User Gulele', 'gulele@lucy.com', '$2y$10$uQRs8ZbmRZkmUyLLa222O.0f3CGkY2rbwQ8i1detV5cn.jQFYeD..', 'user', NULL, '2025-06-07 02:49:07', 0, 20, NULL, 1),
(25, 'User Lamberet', 'lamberet@lucy.com', '$2y$10$w4HbnNbegZ2wNH1bsNnnR.n8YsnH6mKfER7o90Gyu8e/8Gitv/.5K', 'user', NULL, '2025-06-07 02:49:45', 1, 21, NULL, 1),
(26, 'User Yerer', 'yerer@lucy.com', '$2y$10$hkbb4CE.WB38GenWuuGEs.lLl7VteRYbEIkfEegkmUmr73BDjhJgm', 'user', NULL, '2025-06-07 02:50:21', 1, 22, NULL, 1),
(27, 'User Habtegiorgis', 'habtegiorgis@lucy.com', '$2y$10$cyieJrgrHfboiQeNj8K73.rb1CWe75yBUvGKty4EBnu.BpOvZRN6q', 'user', NULL, '2025-06-07 02:50:53', 0, 23, NULL, 1),
(28, 'User CMC', 'cmc@lucy.com', '$2y$10$uvNWZXANWvBDo50aHqL7HOkNYSuNbTMta/sEH4uUnfRwv3IGKUlJ6', 'user', NULL, '2025-06-07 02:51:14', 0, 24, NULL, 1),
(29, 'User Lebu', 'lebu@lucy.com', '$2y$10$Gzbf8qQBntmKa6elMlohAuD.jda8YxK7.ZAVrJq5AUfmqKrbtep62', 'user', NULL, '2025-06-07 02:51:27', 0, 25, NULL, 1),
(30, 'User Kality', 'kality@lucy.com', '$2y$10$JcGyCZn17P2Emauamjs0teXU8b2EH0Q3o6sFPq8gyKuHivcAO9HV.', 'user', NULL, '2025-06-07 02:51:43', 0, 26, NULL, 1),
(31, 'User Kera', 'kera@lucy.com', '$2y$10$UMwttdKgVGSm2lCaCs/DzOuWqO4mcKqbtn3qDIVXr.nLFbzpnDSCK', 'user', NULL, '2025-06-07 02:51:57', 1, 27, NULL, 1),
(32, 'User Megenagna', 'megenagna@lucy.com', '$2y$10$LDGIP.ZANtZrMh9gx/h4bO7FWA8EmxYvMCL2Blq8PVxeDJup4D1kq', 'user', NULL, '2025-06-07 02:52:21', 0, 28, NULL, 1),
(33, 'User Merkato', 'merkato@lucy.com', '$2y$10$PwpFSLQa6hNSKI0j/0sZ2eARowPKUcQHMVlhbdqXooOATCENevQ/m', 'user', NULL, '2025-06-07 02:52:44', 1, 29, NULL, 1),
(34, 'User Bole', 'bole@lucy.com', '$2y$10$RYRVwGVbD6gSL6XylmlYZ.dyqclZqlab6bmpZvnNwuACz2cpa9Esm', 'user', NULL, '2025-06-07 02:53:15', 0, 30, NULL, 1),
(35, 'User Wolaita', 'wolaita@lucy.com', '$2y$10$oQDWksbcXLjHzv2n1p2gZObJSjYp47mRO5mHOz.mgU8LqOY3Z.z.y', 'user', NULL, '2025-06-07 02:53:36', 1, 31, NULL, 1),
(36, 'User Bulbula', 'bulbula@lucy.com', '$2y$10$.vQFDk49C8lDL3FYptOKhuR8EPvvP8kGdKoeFF/mxCbv3VYtjgVLu', 'user', NULL, '2025-06-07 02:53:52', 0, 32, NULL, 1),
(37, 'User Beklobet', 'beklobet@lucy.com', '$2y$10$q4iyu4igkvq3T5yfqGY.QeVKwa0tdMtw3MqV328yP1w5ErAMPbpL.', 'user', NULL, '2025-06-07 02:54:10', 1, 33, NULL, 1),
(38, 'User Hawassa', 'hawassa@lucy.com', '$2y$10$1wPqlGlzJcyjCL9MnUq9rOjWNLzn7saA5gaF9HLMLZ32s7ohG2Ci6', 'user', NULL, '2025-06-07 02:54:30', 0, 34, NULL, 1),
(39, 'User Mekelle', 'mekelle@lucy.com', '$2y$10$tvvPvhAl0v/v9D5NwuTXn.Ib3Bogp0RUFdCFgtmxVqpCJoyiCZntW', 'user', NULL, '2025-06-07 02:54:45', 1, 35, NULL, 1),
(40, 'User Jimma', 'jimma@lucy.com', '$2y$10$5HpTiJSpJ16XMDqbZWGLiOXhvCpgq6PDUemBLqWFkM6rES.kSnOhW', 'user', NULL, '2025-06-07 02:55:03', 0, 36, NULL, 1),
(41, 'User Meskelflower', 'meskelflower@lucy.com', '$2y$10$3wObnWixDpslAxlAeJUutO5UAH9eY7xGZkyPao2W8rHpzwF.Kjed2', 'user', NULL, '2025-06-07 02:55:23', 0, 37, NULL, 1),
(42, 'User Alemgena', 'alemgena@lucy.com', '$2y$10$LIhp3f9wV7ycWYX3WTDQkOFLrJlQlBHtnx/U8KLwYjy3HKKZY4aP2', 'user', NULL, '2025-06-07 02:55:41', 1, 38, NULL, 1),
(43, 'User Sebategna', 'sebategna@lucy.com', '$2y$10$fh3C4lx.U4V2J1R464VXoOIHswpYrRUm5c2cydpEVSkdzMY/Yi6S2', 'user', NULL, '2025-06-07 02:56:00', 1, 39, NULL, 1),
(44, 'User Bulgaria', 'bulgaria@lucy.com', '$2y$10$9yIzC5p8XRCroFEUWJaOAek7IvApFOa7C02lXjIeS1g3./Y0LM9Xm', 'user', NULL, '2025-06-07 02:56:32', 0, 40, NULL, 1),
(45, 'User Mizan', 'mizan@lucy.com', '$2y$10$/y7vU7YHZY1V3y0mkqFwzO/PYNAGAbgTxqmBPIydksTM9XUW9gNFS', 'user', NULL, '2025-06-07 02:56:56', 1, 41, NULL, 1),
(46, 'User Main', 'main@lucy.com', '$2y$10$uzNg2WbzEXDvaLnuxH6FReLKzwhZA17caH/trhIt9w9Iy104QWkPi', 'user', NULL, '2025-06-07 02:58:15', 0, 42, NULL, 1),
(47, 'Aaron Tamirat', 'aaronadmin@lucy.com', '$2y$10$AWs/RjM6hekaQ/LmAvrk4Ozlw5sjtvmq7CeAQpih//7PnpBKt0WZq', 'admin', NULL, '2025-06-11 06:06:31', 0, 1, NULL, 1),
(48, 'User Engineering', 'engineering@lucy.com', '$2y$10$oMFedcpBxDlevUj2SIZ1S.1PxrIAF4Zm5bYKWvf3Nc3so5pVt1QrC', 'user', NULL, '2025-06-11 09:03:30', 1, 51, NULL, 1),
(49, 'User HR & Logistic', 'hrlg@lucy.com', '$2y$10$xx3jAVgrRsWXKrJiFX.IJ.vZsxGlcCTFkgJXFzufqxxPiwhpcj1SS', 'user', NULL, '2025-06-12 08:28:28', 0, 53, NULL, 1),
(50, 'Eleni Zerihun', 'eleniadmin@lucy.com', '$2y$10$g3zfdJ/HknLc33Qxxu.8H.L55XnbGPPv3lAHCmLrJDeXuFEjrxSJ2', 'admin', NULL, '2025-06-17 04:42:11', 0, 1, NULL, 1),
(51, 'User CEO', 'ceo@lucy.com', '$2y$10$eWRfyC3SuhN4G1ieNh.WGuGAQb/rVt9PMkoSorz8lgSdHKULJphi2', 'user', NULL, '2025-06-17 04:46:13', 0, 43, NULL, 1),
(52, 'user legal', 'legal@lucy.com', '$2y$10$VZCJOoFn1db5W3z5Ka/sSeE6ylF52xkzAFUSfThBcwNHJoKKQpEfC', 'user', NULL, '2025-06-17 04:47:31', 0, 44, NULL, 1),
(53, 'user Finance', 'Finance@lucy.com', '$2y$10$y8ua/ZhgNnn2ZO/c2CAlSOMg5UetvhDsRQlOREsLUZO7hV88N716G', 'user', NULL, '2025-06-17 04:48:07', 0, 45, NULL, 1),
(54, 'user Marketing', 'Marketing@lucy.com', '$2y$10$MNNY.nJNjoUulDBS1tbnmeer2k9AUgnFF424D7gKhFfFSpvaqITBK', 'user', NULL, '2025-06-17 04:48:37', 0, 46, NULL, 1),
(55, 'user Risk', 'Risk@lucy.com', '$2y$10$eBhkBuSp/q4xJ4n6fgxuVuN6OXrbl7GlzvUwrSTvWuUIksYKzoIN2', 'user', NULL, '2025-06-17 04:49:11', 1, 47, NULL, 1),
(56, 'use Reinsurance', 'Reinsurance@lucy.com', '$2y$10$dP8nszmfRILMpaEAfkuVmugBC5gLYiLRCvahgIGcnqXMKbqv1PEzi', 'user', NULL, '2025-06-17 04:49:51', 0, 48, NULL, 1),
(57, 'user claim & recovery', 'clre@lucy.com', '$2y$10$hUuFQVrVvE2my824lN6W9.tDirUNhQ0IrTrBNWT9ykw/.UZ0l05rm', 'user', NULL, '2025-06-17 04:53:06', 0, 49, NULL, 1),
(58, 'user Audit', 'Audit@lucy.com', '$2y$10$jc8H7tqG03e5MV68XcjtmOnevCle1MVI8ocfqi.L81YtlgRj8jO2S', 'user', NULL, '2025-06-17 04:53:35', 0, 50, NULL, 1),
(59, 'User Operation', 'Operation@lucy.com', '$2y$10$QwixJk4Y5gcMl7Vi7vvWOeBcChgA2qtdHLrY82nVmxA6ePYCmI8PW', 'user', NULL, '2025-06-17 04:54:15', 0, 52, NULL, 1),
(60, 'User Ethics', 'Ethics@lucy.com', '$2y$10$/JpV.T4fbV.4MCGr.ldw4.fewTK0XCscgrxFob/0/LLGgwI1I4Ma2', 'user', NULL, '2025-06-17 04:54:44', 1, 55, NULL, 1),
(61, 'Mengistu Ferede Admin', 'mengistuadmin@lucy.com', '$2y$10$/ZUd.FocGefsYmqne9IkCu8W9QW0THpGtYltwNzreB7jJU1D6CdM2', 'admin', NULL, '2025-06-17 07:53:35', 0, 1, NULL, 1),
(62, 'Mikiyas Wondimu', 'mikistaff@lucy.com', '$2y$10$6tlnMZeOhGjVwodJ4BfIHe2007N.MslSt8DAHDAsyK09wqjVZuBVK', 'staff', NULL, '2025-06-18 04:12:58', 0, 1, NULL, 1),
(63, 'IT STAFF ADMIN', 'staffadmin@lucy.com', '$2y$10$oT73PrFGKAQ2MNisXwnF1uwXLH427MFewy1C7Srh5SiQorKPMD2DG', 'admin', NULL, '2025-06-18 08:47:40', 0, 1, NULL, 1),
(64, 'User ICT', 'ict@lucy.com', '$2y$10$1kKNLdis.jhufh.p3C9Oa.HBHk1sVuWIDRV2Xkrzw24tp/Wom18JW', 'user', NULL, '2025-07-01 08:11:48', 0, 1, NULL, 1);

-- --------------------------------------------------------

--
-- Structure for view `incident_counts`
--
DROP TABLE IF EXISTS `incident_counts`;

CREATE ALGORITHM=UNDEFINED DEFINER=`root`@`localhost` SQL SECURITY DEFINER VIEW `incident_counts`  AS SELECT `b`.`name` AS `branch_name`, `c`.`name` AS `name`, cast(`i`.`created_at` as date) AS `report_date`, count(0) AS `total_incidents` FROM ((`incidents` `i` left join `branches` `b` on(`i`.`branch_id` = `b`.`id`)) left join `kb_categories` `c` on(`i`.`category_id` = `c`.`id`)) GROUP BY `b`.`name`, `c`.`name`, cast(`i`.`created_at` as date) ;

-- --------------------------------------------------------

--
-- Structure for view `incident_fix_times`
--
DROP TABLE IF EXISTS `incident_fix_times`;

CREATE ALGORITHM=UNDEFINED DEFINER=`root`@`localhost` SQL SECURITY DEFINER VIEW `incident_fix_times`  AS SELECT `i`.`id` AS `incident_id`, `i`.`title` AS `title`, `i`.`created_at` AS `report_date`, `i`.`fixed_date` AS `fixed_date`, to_days(`i`.`fixed_date`) - to_days(`i`.`created_at`) AS `days_to_fix`, `b`.`name` AS `branch_name`, `c`.`name` AS `name`, `u`.`name` AS `assigned_staff` FROM (((`incidents` `i` left join `branches` `b` on(`i`.`branch_id` = `b`.`id`)) left join `kb_categories` `c` on(`i`.`category_id` = `c`.`id`)) left join `users` `u` on(`i`.`assigned_to` = `u`.`id`)) ;

-- --------------------------------------------------------

--
-- Structure for view `staff_performance`
--
DROP TABLE IF EXISTS `staff_performance`;

CREATE ALGORITHM=UNDEFINED DEFINER=`root`@`localhost` SQL SECURITY DEFINER VIEW `staff_performance`  AS SELECT `u`.`id` AS `staff_id`, `u`.`name` AS `name`, count(case when `i`.`status` = 'fixed' then 1 end) AS `fixed_count`, count(case when `i`.`status` <> 'fixed' then 1 end) AS `not_fixed_count`, avg(to_days(`i`.`fixed_date`) - to_days(`i`.`assigned_date`)) AS `avg_days_to_fix` FROM (`users` `u` left join `incidents` `i` on(`i`.`assigned_to` = `u`.`id`)) WHERE `u`.`role` = 'staff' GROUP BY `u`.`id`, `u`.`name` ;

--
-- Indexes for dumped tables
--

--
-- Indexes for table `branches`
--
ALTER TABLE `branches`
  ADD PRIMARY KEY (`id`);

--
-- Indexes for table `files`
--
ALTER TABLE `files`
  ADD PRIMARY KEY (`id`),
  ADD KEY `incident_id` (`incident_id`);

--
-- Indexes for table `incidents`
--
ALTER TABLE `incidents`
  ADD PRIMARY KEY (`id`),
  ADD KEY `assigned_to` (`assigned_to`),
  ADD KEY `submitted_by` (`submitted_by`),
  ADD KEY `fk_incidents_branch` (`branch_id`),
  ADD KEY `incidents_ibfk_3` (`category_id`),
  ADD KEY `fk_incidents_rejected_by` (`rejected_by`);

--
-- Indexes for table `incident_logs`
--
ALTER TABLE `incident_logs`
  ADD PRIMARY KEY (`id`),
  ADD KEY `incident_id` (`incident_id`),
  ADD KEY `user_id` (`user_id`);

--
-- Indexes for table `kb_articles`
--
ALTER TABLE `kb_articles`
  ADD PRIMARY KEY (`id`),
  ADD KEY `category_id` (`category_id`),
  ADD KEY `created_by` (`created_by`);

--
-- Indexes for table `kb_categories`
--
ALTER TABLE `kb_categories`
  ADD PRIMARY KEY (`id`),
  ADD UNIQUE KEY `name` (`name`);

--
-- Indexes for table `kb_feedback`
--
ALTER TABLE `kb_feedback`
  ADD PRIMARY KEY (`id`),
  ADD KEY `article_id` (`article_id`),
  ADD KEY `user_id` (`user_id`);

--
-- Indexes for table `notifications`
--
ALTER TABLE `notifications`
  ADD PRIMARY KEY (`id`),
  ADD KEY `user_id` (`user_id`),
  ADD KEY `notifications_ibfk_2` (`related_incident_id`);

--
-- Indexes for table `projects`
--
ALTER TABLE `projects`
  ADD PRIMARY KEY (`id`),
  ADD KEY `assigned_to` (`assigned_to`),
  ADD KEY `created_by` (`created_by`);

--
-- Indexes for table `project_comments`
--
ALTER TABLE `project_comments`
  ADD PRIMARY KEY (`id`),
  ADD KEY `project_id` (`project_id`),
  ADD KEY `user_id` (`user_id`);

--
-- Indexes for table `staff_branch_assignments`
--
ALTER TABLE `staff_branch_assignments`
  ADD PRIMARY KEY (`id`),
  ADD KEY `staff_id` (`staff_id`),
  ADD KEY `branch_id` (`branch_id`);

--
-- Indexes for table `users`
--
ALTER TABLE `users`
  ADD PRIMARY KEY (`id`),
  ADD UNIQUE KEY `email` (`email`),
  ADD KEY `fk_users_branch` (`branch_id`);

--
-- AUTO_INCREMENT for dumped tables
--

--
-- AUTO_INCREMENT for table `branches`
--
ALTER TABLE `branches`
  MODIFY `id` int(11) NOT NULL AUTO_INCREMENT, AUTO_INCREMENT=57;

--
-- AUTO_INCREMENT for table `files`
--
ALTER TABLE `files`
  MODIFY `id` int(11) NOT NULL AUTO_INCREMENT, AUTO_INCREMENT=16;

--
-- AUTO_INCREMENT for table `incidents`
--
ALTER TABLE `incidents`
  MODIFY `id` int(11) NOT NULL AUTO_INCREMENT, AUTO_INCREMENT=176;

--
-- AUTO_INCREMENT for table `incident_logs`
--
ALTER TABLE `incident_logs`
  MODIFY `id` int(11) NOT NULL AUTO_INCREMENT, AUTO_INCREMENT=485;

--
-- AUTO_INCREMENT for table `kb_articles`
--
ALTER TABLE `kb_articles`
  MODIFY `id` int(11) NOT NULL AUTO_INCREMENT, AUTO_INCREMENT=6;

--
-- AUTO_INCREMENT for table `kb_categories`
--
ALTER TABLE `kb_categories`
  MODIFY `id` int(11) NOT NULL AUTO_INCREMENT, AUTO_INCREMENT=9;

--
-- AUTO_INCREMENT for table `kb_feedback`
--
ALTER TABLE `kb_feedback`
  MODIFY `id` int(11) NOT NULL AUTO_INCREMENT, AUTO_INCREMENT=2;

--
-- AUTO_INCREMENT for table `notifications`
--
ALTER TABLE `notifications`
  MODIFY `id` int(11) NOT NULL AUTO_INCREMENT, AUTO_INCREMENT=1473;

--
-- AUTO_INCREMENT for table `projects`
--
ALTER TABLE `projects`
  MODIFY `id` int(11) NOT NULL AUTO_INCREMENT, AUTO_INCREMENT=4;

--
-- AUTO_INCREMENT for table `project_comments`
--
ALTER TABLE `project_comments`
  MODIFY `id` int(11) NOT NULL AUTO_INCREMENT, AUTO_INCREMENT=2;

--
-- AUTO_INCREMENT for table `staff_branch_assignments`
--
ALTER TABLE `staff_branch_assignments`
  MODIFY `id` int(11) NOT NULL AUTO_INCREMENT, AUTO_INCREMENT=119;

--
-- AUTO_INCREMENT for table `users`
--
ALTER TABLE `users`
  MODIFY `id` int(11) NOT NULL AUTO_INCREMENT, AUTO_INCREMENT=65;

--
-- Constraints for dumped tables
--

--
-- Constraints for table `incidents`
--
ALTER TABLE `incidents`
  ADD CONSTRAINT `fk_incidents_branch` FOREIGN KEY (`branch_id`) REFERENCES `branches` (`id`) ON DELETE SET NULL,
  ADD CONSTRAINT `fk_incidents_rejected_by` FOREIGN KEY (`rejected_by`) REFERENCES `users` (`id`) ON DELETE SET NULL,
  ADD CONSTRAINT `incidents_ibfk_1` FOREIGN KEY (`assigned_to`) REFERENCES `users` (`id`),
  ADD CONSTRAINT `incidents_ibfk_2` FOREIGN KEY (`submitted_by`) REFERENCES `users` (`id`),
  ADD CONSTRAINT `incidents_ibfk_3` FOREIGN KEY (`category_id`) REFERENCES `kb_categories` (`id`) ON DELETE SET NULL;

--
-- Constraints for table `kb_articles`
--
ALTER TABLE `kb_articles`
  ADD CONSTRAINT `kb_articles_ibfk_1` FOREIGN KEY (`category_id`) REFERENCES `kb_categories` (`id`) ON DELETE CASCADE,
  ADD CONSTRAINT `kb_articles_ibfk_2` FOREIGN KEY (`created_by`) REFERENCES `users` (`id`) ON DELETE SET NULL;
COMMIT;

/*!40101 SET CHARACTER_SET_CLIENT=@OLD_CHARACTER_SET_CLIENT */;
/*!40101 SET CHARACTER_SET_RESULTS=@OLD_CHARACTER_SET_RESULTS */;
/*!40101 SET COLLATION_CONNECTION=@OLD_COLLATION_CONNECTION */;
